--数据字典
insert into T_BAS_DATA_DICT (ID, TERMS_CODE, CODE, NAME, SEQ, LAN, EXTATT, MARKS, CREATE_USER_CODE, CREATE_TIME, MODIFY_USER_CODE, MODIFY_TIME, STATUS) values ('561d0830-40d4-4e13-93d4-268c098d52e9', 'DATA_PARAM_CONFIG', 'wastePercent', '浪费百分比', 1, null, null, null, 'admin', TIMESTAMP '2014-06-11 15:41:37', 'admin', TIMESTAMP '2014-06-11 15:41:37', '1');
insert into T_BAS_DATA_DICT (ID, TERMS_CODE, CODE, NAME, SEQ, LAN, EXTATT, MARKS, CREATE_USER_CODE, CREATE_TIME, MODIFY_USER_CODE, MODIFY_TIME, STATUS) values ('7c5953fb-a00c-4183-8e7c-5f6ab1ef4594', 'DATA_PARAM_CONFIG', 'wasteLength', '浪费长度', 2, null, null, null, 'admin', TIMESTAMP '2014-06-11 15:42:11', 'admin', TIMESTAMP '2014-06-11 15:42:11', '1');
insert into T_BAS_DATA_DICT (ID, TERMS_CODE, CODE, NAME, SEQ, LAN, EXTATT, MARKS, CREATE_USER_CODE, CREATE_TIME, MODIFY_USER_CODE, MODIFY_TIME, STATUS) values ('7c5953fb-a00c-4183-8e7c-5f6ab1ef4595', 'DATA_EQUIP_MODEL', '普通设备', '普通设备', 1, null, null, null, 'admin', TIMESTAMP '2014-06-11 15:42:11', 'admin', TIMESTAMP '2014-06-11 15:42:11', '1');
insert into T_BAS_DATA_DICT (ID, TERMS_CODE, CODE, NAME, SEQ, LAN, EXTATT, MARKS, CREATE_USER_CODE, CREATE_TIME, MODIFY_USER_CODE, MODIFY_TIME, STATUS) values ('7c5953fb-a00c-4183-8e7c-5f6ab1ef4596', 'DATA_EQUIP_MODEL', '起重机', '起重机', 1, null, null, null, 'admin', TIMESTAMP '2014-06-11 15:42:11', 'admin', TIMESTAMP '2014-06-11 15:42:11', '1');
insert into T_BAS_DATA_DICT (ID, TERMS_CODE, CODE, NAME, SEQ, LAN, EXTATT, MARKS, CREATE_USER_CODE, CREATE_TIME, MODIFY_USER_CODE, MODIFY_TIME, STATUS) values ('0717c7f4-8d3d-4e05-9bba-6a9d462f34ea', 'DATA_PARAM_CONFIG', 'plan.schedule.daysToSchedule', '精细排程工作日数', 1, null, null, null, 'admin', TIMESTAMP '2014-06-21 15:49:50', 'admin', TIMESTAMP '2014-06-21 15:49:50', '1');
insert into T_BAS_DATA_DICT (ID, TERMS_CODE, CODE, NAME, SEQ, LAN, EXTATT, MARKS, CREATE_USER_CODE, CREATE_TIME, MODIFY_USER_CODE, MODIFY_TIME, STATUS) values ('40d79254-b3c5-4eaf-825c-300e6d26266f', 'DATA_PARAM_CONFIG', 'plan.schedule.alldays', '精细排程订单天数', 2, null, null, null, 'admin', TIMESTAMP '2014-06-21 15:50:18', 'admin', TIMESTAMP '2014-06-21 15:50:18', '1');
insert into T_BAS_DATA_DICT (ID, TERMS_CODE, CODE, NAME, SEQ, LAN, EXTATT, MARKS, CREATE_USER_CODE, CREATE_TIME, MODIFY_USER_CODE, MODIFY_TIME, STATUS) values ('c4cba068-0a6f-4b0b-9147-30ef606c6c5e', 'DATA_PARAM_CONFIG', 'middleCheckInterval', '设备中间检时间间隔（分钟）', 3, null, null, null, 'admin', TIMESTAMP '2014-06-21 15:50:36', 'admin', TIMESTAMP '2014-06-21 15:50:36', '1');
insert into T_BAS_DATA_DICT (ID, TERMS_CODE, CODE, NAME, SEQ, LAN, EXTATT, MARKS, CREATE_USER_CODE, CREATE_TIME, MODIFY_USER_CODE, MODIFY_TIME, STATUS) values ('304c9d0a-8bc7-4407-befd-cecc29f1d36b', 'DATA_PROP_CONFIG', 'menuMaxDepth', '菜单最大深度', 1, null, null, null, 'admin', TIMESTAMP '2014-06-21 15:55:18', 'admin', TIMESTAMP '2014-06-21 15:55:18', '1');
insert into T_BAS_DATA_DICT (ID, TERMS_CODE, CODE, NAME, SEQ, LAN, EXTATT, MARKS, CREATE_USER_CODE, CREATE_TIME, MODIFY_USER_CODE, MODIFY_TIME, STATUS) values ('b4f3f753-ade5-4cf3-880e-ee638d0fbc89', 'DATA_PROP_CONFIG', 'ww.opc.server.host', 'opc服务器地址', 2, null, null, null, 'admin', TIMESTAMP '2014-06-21 15:55:47', 'admin', TIMESTAMP '2014-06-21 15:55:47', '1');
insert into T_BAS_DATA_DICT (ID, TERMS_CODE, CODE, NAME, SEQ, LAN, EXTATT, MARKS, CREATE_USER_CODE, CREATE_TIME, MODIFY_USER_CODE, MODIFY_TIME, STATUS) values ('c94f680d-a926-400b-b114-6c1a999d855a', 'DATA_PROP_CONFIG', 'ww.opc.server.name', 'opc服务名', 3, null, null, null, 'admin', TIMESTAMP '2014-06-21 15:56:36', 'admin', TIMESTAMP '2014-06-21 15:56:36', '1');
insert into T_BAS_DATA_DICT (ID, TERMS_CODE, CODE, NAME, SEQ, LAN, EXTATT, MARKS, CREATE_USER_CODE, CREATE_TIME, MODIFY_USER_CODE, MODIFY_TIME, STATUS) values ('d81fd601-8a9e-4b31-9f67-f51ec342301f', 'DATA_PROP_CONFIG', 'ww.opc.client.user', 'opc客户端用户', 4, null, null, null, 'admin', TIMESTAMP '2014-06-21 15:56:58', 'admin', TIMESTAMP '2014-06-21 15:56:58', '1');
insert into T_BAS_DATA_DICT (ID, TERMS_CODE, CODE, NAME, SEQ, LAN, EXTATT, MARKS, CREATE_USER_CODE, CREATE_TIME, MODIFY_USER_CODE, MODIFY_TIME, STATUS) values ('cd30e623-10ab-40b8-baa2-4e0bb08a11e0', 'DATA_PROP_CONFIG', 'ww.opc.group.name', 'opc服务组名', 5, null, null, null, 'admin', TIMESTAMP '2014-06-21 15:57:20', 'admin', TIMESTAMP '2014-06-21 16:00:13', '1');
insert into T_BAS_DATA_DICT (ID, TERMS_CODE, CODE, NAME, SEQ, LAN, EXTATT, MARKS, CREATE_USER_CODE, CREATE_TIME, MODIFY_USER_CODE, MODIFY_TIME, STATUS) values ('333c3159-878a-4495-aff0-5ded5ca294db', 'DATA_PROP_CONFIG', 'mail.host', '邮件服务地址', 6, null, null, null, 'admin', TIMESTAMP '2014-06-21 15:57:56', 'admin', TIMESTAMP '2014-06-21 15:57:56', '1');
insert into T_BAS_DATA_DICT (ID, TERMS_CODE, CODE, NAME, SEQ, LAN, EXTATT, MARKS, CREATE_USER_CODE, CREATE_TIME, MODIFY_USER_CODE, MODIFY_TIME, STATUS) values ('afbfe194-7f6a-4fa6-a819-90515ed6e7df', 'DATA_PROP_CONFIG', 'mail.username', '邮件服务用户名', 7, null, null, null, 'admin', TIMESTAMP '2014-06-21 15:58:17', 'admin', TIMESTAMP '2014-06-21 15:58:17', '1');
insert into T_BAS_DATA_DICT (ID, TERMS_CODE, CODE, NAME, SEQ, LAN, EXTATT, MARKS, CREATE_USER_CODE, CREATE_TIME, MODIFY_USER_CODE, MODIFY_TIME, STATUS) values ('0098a380-5bc3-44ab-9fa3-faa3b1d83a08', 'DATA_PROP_CONFIG', 'mail.password', '邮件服务密码', 8, null, null, null, 'admin', TIMESTAMP '2014-06-21 15:58:48', 'admin', TIMESTAMP '2014-06-21 15:58:48', '1');
insert into T_BAS_DATA_DICT (ID, TERMS_CODE, CODE, NAME, SEQ, LAN, EXTATT, MARKS, CREATE_USER_CODE, CREATE_TIME, MODIFY_USER_CODE, MODIFY_TIME, STATUS) values ('eb636c8f-8161-4e34-98a6-8e586cf339f9', 'DATA_PROP_CONFIG', 'mail.default.from', '邮件默认发送地址', 9, null, null, null, 'admin', TIMESTAMP '2014-06-21 15:59:09', 'admin', TIMESTAMP '2014-06-21 15:59:09', '1');
insert into T_BAS_DATA_DICT (ID, TERMS_CODE, CODE, NAME, SEQ, LAN, EXTATT, MARKS, CREATE_USER_CODE, CREATE_TIME, MODIFY_USER_CODE, MODIFY_TIME, STATUS) values ('4f0ae40e-1e94-4595-a37f-61247f885df2', 'DATA_PROP_CONFIG', 'mail.smtp.auth', '邮件服务验证方式', 10, null, null, null, 'admin', TIMESTAMP '2014-06-21 15:59:49', 'admin', TIMESTAMP '2014-06-21 15:59:49', '1');
insert into T_BAS_DATA_DICT (ID, TERMS_CODE, CODE, NAME, SEQ, LAN, EXTATT, MARKS, CREATE_USER_CODE, CREATE_TIME, MODIFY_USER_CODE, MODIFY_TIME, STATUS) values ('330a7851-2dfd-4386-b513-7c4f2f4fe539', 'DATA_PROP_CONFIG', 'maxExportLine', '最大导出行数', 11, null, null, null, 'admin', TIMESTAMP '2014-06-21 16:02:34', 'admin', TIMESTAMP '2014-06-21 16:02:34', '1');

insert into T_BAS_DATA_DICT (ID, TERMS_CODE, CODE, NAME, SEQ, LAN, EXTATT, MARKS, CREATE_USER_CODE, CREATE_TIME, MODIFY_USER_CODE, MODIFY_TIME, STATUS) values ('af8731f5-7aa6-430e-ad9c-94b78824a612', 'EQUIP_TYPE', 'MAIN_EQUIPMENT', '主生产设备', 1, null, null, null, 'admin', TIMESTAMP '2014-06-21 15:59:09', 'admin', TIMESTAMP '2014-06-21 15:59:09', '1');
insert into T_BAS_DATA_DICT (ID, TERMS_CODE, CODE, NAME, SEQ, LAN, EXTATT, MARKS, CREATE_USER_CODE, CREATE_TIME, MODIFY_USER_CODE, MODIFY_TIME, STATUS) values ('3d66948e-4451-4563-928e-73944ef9d4e9', 'EQUIP_TYPE', 'TOOLS', '工装夹具', 2, null, null, null, 'admin', TIMESTAMP '2014-06-21 15:59:09', 'admin', TIMESTAMP '2014-06-21 15:59:09', '1');
insert into T_BAS_DATA_DICT (ID, TERMS_CODE, CODE, NAME, SEQ, LAN, EXTATT, MARKS, CREATE_USER_CODE, CREATE_TIME, MODIFY_USER_CODE, MODIFY_TIME, STATUS) values ('23048952-f6c0-45e0-9399-9d3d15b0be2d', 'EQUIP_TYPE', 'PRODUCT_LINE', '生产线', 3, null, null, null, 'admin', TIMESTAMP '2014-06-21 15:59:09', 'admin', TIMESTAMP '2014-06-21 15:59:09', '1');

--产品颜色
INSERT INTO T_BAS_DATA_DICT (ID, TERMS_CODE, CODE, NAME, SEQ, LAN, EXTATT, MARKS, CREATE_USER_CODE, CREATE_TIME, MODIFY_USER_CODE, MODIFY_TIME, STATUS, CAN_MODIFY) VALUES ('6bbb87c0-040a-4509-b843-2a85fa842df2', 'DATA_PRODUCT_COLOR', 'WHITE', '白色', 10, null, null, null, 'admin', SYSDATE, 'admin', SYSDATE, '1', '1');
INSERT INTO T_BAS_DATA_DICT (ID, TERMS_CODE, CODE, NAME, SEQ, LAN, EXTATT, MARKS, CREATE_USER_CODE, CREATE_TIME, MODIFY_USER_CODE, MODIFY_TIME, STATUS, CAN_MODIFY) VALUES ('daa0342b-d9ae-498b-850a-208d8bc2ab42', 'DATA_PRODUCT_COLOR', 'YELLOW', '黄色', 20, null, null, null, 'admin', SYSDATE, 'admin', SYSDATE, '1', '1');
INSERT INTO T_BAS_DATA_DICT (ID, TERMS_CODE, CODE, NAME, SEQ, LAN, EXTATT, MARKS, CREATE_USER_CODE, CREATE_TIME, MODIFY_USER_CODE, MODIFY_TIME, STATUS, CAN_MODIFY) VALUES ('903eed5a-cd87-46d7-9ac1-d3c2855cc357', 'DATA_PRODUCT_COLOR', 'BLUE', '蓝色', 30, null, null, null, 'admin', SYSDATE, 'admin', SYSDATE, '1', '1');
INSERT INTO T_BAS_DATA_DICT (ID, TERMS_CODE, CODE, NAME, SEQ, LAN, EXTATT, MARKS, CREATE_USER_CODE, CREATE_TIME, MODIFY_USER_CODE, MODIFY_TIME, STATUS, CAN_MODIFY) VALUES ('58cf1e1d-cf07-4f7f-b1ac-c18df7a2b53e', 'DATA_PRODUCT_COLOR', 'GREEN', '绿色', 40, null, null, null, 'admin', SYSDATE, 'admin', SYSDATE, '1', '1');
INSERT INTO T_BAS_DATA_DICT (ID, TERMS_CODE, CODE, NAME, SEQ, LAN, EXTATT, MARKS, CREATE_USER_CODE, CREATE_TIME, MODIFY_USER_CODE, MODIFY_TIME, STATUS, CAN_MODIFY) VALUES ('b86b2945-00f4-43f3-bbad-df00ee13ecf4', 'DATA_PRODUCT_COLOR', 'RED', '红色', 50, null, null, null, 'admin', SYSDATE, 'admin', SYSDATE, '1', '1');
INSERT INTO T_BAS_DATA_DICT (ID, TERMS_CODE, CODE, NAME, SEQ, LAN, EXTATT, MARKS, CREATE_USER_CODE, CREATE_TIME, MODIFY_USER_CODE, MODIFY_TIME, STATUS, CAN_MODIFY) VALUES ('c569f308-ad4d-4e6b-9c9f-e023c8fda4a5', 'DATA_PRODUCT_COLOR', 'BLACK', '黑色', 60, null, null, null, 'admin', SYSDATE, 'admin', SYSDATE, '1', '1');
INSERT INTO T_BAS_DATA_DICT (ID, TERMS_CODE, CODE, NAME, SEQ, LAN, EXTATT, MARKS, CREATE_USER_CODE, CREATE_TIME, MODIFY_USER_CODE, MODIFY_TIME, STATUS, CAN_MODIFY) VALUES ('b2509d62-51ab-4a80-9c92-d8092a44d4c1', 'DATA_PRODUCT_COLOR', 'LIGHTBLUE', '普通工序', 100, null, null, null, 'admin', SYSDATE, 'admin', SYSDATE, '1', '1');
INSERT INTO T_BAS_DATA_DICT (ID, TERMS_CODE, CODE, NAME, SEQ, LAN, EXTATT, MARKS, CREATE_USER_CODE, CREATE_TIME, MODIFY_USER_CODE, MODIFY_TIME, STATUS, CAN_MODIFY) VALUES ('c76d92b9-48e3-48cc-bd5c-4d073fdab586', 'DATA_PRODUCT_COLOR', 'BLUEVIOLET', '双色', 200, null, null, null, 'admin', SYSDATE, 'admin', SYSDATE, '1', '1');
--上下班类型
INSERT INTO T_BAS_DATA_DICT (ID, TERMS_CODE, CODE, NAME, SEQ, LAN, EXTATT, MARKS, CREATE_USER_CODE, CREATE_TIME, MODIFY_USER_CODE, MODIFY_TIME, STATUS, CAN_MODIFY) VALUES ('bd25a18d-f61b-4c90-a988-ac215b2f23f3', 'DATA_WORK_ONOFF_TYPE', 'ON_WORK', '上班', 1, null, null, null, 'admin', SYSDATE, 'admin', SYSDATE, '1', '1');
INSERT INTO T_BAS_DATA_DICT (ID, TERMS_CODE, CODE, NAME, SEQ, LAN, EXTATT, MARKS, CREATE_USER_CODE, CREATE_TIME, MODIFY_USER_CODE, MODIFY_TIME, STATUS, CAN_MODIFY) VALUES ('e612a991-5807-4a05-a665-ed98a9b1210e', 'DATA_WORK_ONOFF_TYPE', 'OFF_WORK', '下班', 2, null, null, null, 'admin', SYSDATE, 'admin', SYSDATE, '1', '1');
INSERT INTO T_BAS_DATA_DICT (ID, TERMS_CODE, CODE, NAME, SEQ, LAN, EXTATT, MARKS, CREATE_USER_CODE, CREATE_TIME, MODIFY_USER_CODE, MODIFY_TIME, STATUS, CAN_MODIFY) VALUES ('679ff2d1-f7e6-4f80-9faf-20b90ef67c87', 'DATA_WORK_ONOFF_TYPE', 'LEAVE', '事假', 3, null, null, null, 'admin', SYSDATE, 'admin', SYSDATE, '1', '1');
INSERT INTO T_BAS_DATA_DICT (ID, TERMS_CODE, CODE, NAME, SEQ, LAN, EXTATT, MARKS, CREATE_USER_CODE, CREATE_TIME, MODIFY_USER_CODE, MODIFY_TIME, STATUS, CAN_MODIFY) VALUES ('b3e9293d-e054-4648-a6bb-aad54041458f', 'DATA_WORK_ONOFF_TYPE', 'OVERTIME', '加班', 4, null, null, null, 'admin', SYSDATE, 'admin', SYSDATE, '1', '1');
INSERT INTO T_BAS_DATA_DICT (ID, TERMS_CODE, CODE, NAME, SEQ, LAN, EXTATT, MARKS, CREATE_USER_CODE, CREATE_TIME, MODIFY_USER_CODE, MODIFY_TIME, STATUS, CAN_MODIFY) VALUES ('6d35b91e-6be7-47cf-9d8b-8389f95a745c', 'DATA_WORK_ONOFF_TYPE', 'SICK_LEAVE', '病假', 5, null, null, null, 'admin', SYSDATE, 'admin', SYSDATE, '1', '1');
--人员资质：挡班/附挡班/辅助工
INSERT INTO T_BAS_DATA_DICT (ID, TERMS_CODE, CODE, NAME, SEQ, LAN, EXTATT, MARKS, CREATE_USER_CODE, CREATE_TIME, MODIFY_USER_CODE, MODIFY_TIME, STATUS, CAN_MODIFY) VALUES ('c9fb5f1d-4997-4bdd-b07f-ab6a9e43d0c6', 'DATA_EMPLOYEE_CERTIFICATE', 'DB', '挡班', 1, null, null, null, 'admin', SYSDATE, 'admin', SYSDATE, '1', '1');
INSERT INTO T_BAS_DATA_DICT (ID, TERMS_CODE, CODE, NAME, SEQ, LAN, EXTATT, MARKS, CREATE_USER_CODE, CREATE_TIME, MODIFY_USER_CODE, MODIFY_TIME, STATUS, CAN_MODIFY) VALUES ('3378a4ee-7ee7-4780-b6b7-c7804c6855f2', 'DATA_EMPLOYEE_CERTIFICATE', 'FDB', '副挡班', 2, null, null, null, 'admin', SYSDATE, 'admin', SYSDATE, '1', '1');
INSERT INTO T_BAS_DATA_DICT (ID, TERMS_CODE, CODE, NAME, SEQ, LAN, EXTATT, MARKS, CREATE_USER_CODE, CREATE_TIME, MODIFY_USER_CODE, MODIFY_TIME, STATUS, CAN_MODIFY) VALUES ('985ed7e4-1a1c-4556-b6f1-92996b62cbdd', 'DATA_EMPLOYEE_CERTIFICATE', 'FZG', '辅助工', 3, null, null, null, 'admin', SYSDATE, 'admin', SYSDATE, '1', '1');

insert into T_BAS_DATA_DICT (ID, TERMS_CODE, CODE, NAME, SEQ, LAN, EXTATT, MARKS, CREATE_USER_CODE, CREATE_TIME, MODIFY_USER_CODE, MODIFY_TIME, STATUS, CAN_MODIFY) values ('9df5ffe5-6cbd-4912-84df-965d616a523b', 'DATA_EQUIP_MODEL', '挤出', '挤出', 2, null, null, null, 'admin', TIMESTAMP '2014-12-12 11:13:04', 'admin', TIMESTAMP '2014-12-12 11:13:04', '1', '1');
insert into T_BAS_DATA_DICT (ID, TERMS_CODE, CODE, NAME, SEQ, LAN, EXTATT, MARKS, CREATE_USER_CODE, CREATE_TIME, MODIFY_USER_CODE, MODIFY_TIME, STATUS, CAN_MODIFY) values ('93c9da9b-70df-4584-b59d-0bfc0466f0b0', 'DATA_EQUIP_MODEL', '编织', '编织', 3, null, null, null, 'admin', TIMESTAMP '2014-12-12 11:13:20', 'admin', TIMESTAMP '2014-12-12 11:13:20', '1', '1');
insert into T_BAS_DATA_DICT (ID, TERMS_CODE, CODE, NAME, SEQ, LAN, EXTATT, MARKS, CREATE_USER_CODE, CREATE_TIME, MODIFY_USER_CODE, MODIFY_TIME, STATUS, CAN_MODIFY) values ('c86266c2-c057-47de-b514-4901de7595f4', 'DATA_EQUIP_MODEL', '成缆', '成缆', 4, null, null, null, 'admin', TIMESTAMP '2014-12-12 11:13:33', 'admin', TIMESTAMP '2014-12-12 11:13:33', '1', '1');
insert into T_BAS_DATA_DICT (ID, TERMS_CODE, CODE, NAME, SEQ, LAN, EXTATT, MARKS, CREATE_USER_CODE, CREATE_TIME, MODIFY_USER_CODE, MODIFY_TIME, STATUS, CAN_MODIFY) values ('e26e95a2-e627-492d-b7f9-357721d62d6c', 'DATA_EQUIP_MODEL', '火花', '火花', 5, null, null, null, 'admin', TIMESTAMP '2014-12-12 11:13:46', 'admin', TIMESTAMP '2014-12-12 11:13:46', '1', '1');
insert into T_BAS_DATA_DICT (ID, TERMS_CODE, CODE, NAME, SEQ, LAN, EXTATT, MARKS, CREATE_USER_CODE, CREATE_TIME, MODIFY_USER_CODE, MODIFY_TIME, STATUS, CAN_MODIFY) values ('53433759-3ced-48df-a444-a7d5cb827c9a', 'DATA_EQUIP_MODEL', '绕包', '绕包', 5, null, null, null, 'admin', TIMESTAMP '2014-12-12 11:13:58', 'admin', TIMESTAMP '2014-12-12 11:13:58', '1', '1');
insert into T_BAS_DATA_DICT (ID, TERMS_CODE, CODE, NAME, SEQ, LAN, EXTATT, MARKS, CREATE_USER_CODE, CREATE_TIME, MODIFY_USER_CODE, MODIFY_TIME, STATUS, CAN_MODIFY) values ('b4ca3e93-99b8-4f67-8a64-fcc40a1056b5', 'DATA_EQUIP_MODEL', '加速器', '加速器', 6, null, null, null, 'admin', TIMESTAMP '2014-12-12 11:14:12', 'admin', TIMESTAMP '2014-12-12 11:14:12', '1', '1');

--设备警报明细
insert into T_BAS_DATA_DICT (ID, TERMS_CODE, CODE, NAME, SEQ, LAN, EXTATT, MARKS, CREATE_USER_CODE, CREATE_TIME, MODIFY_USER_CODE, MODIFY_TIME, STATUS, CAN_MODIFY) values ('cdea37c9-724a-45c5-805d-4dcd5f2d312e', 'EVENT_TYPE_DETAIL', '上线盘故障', '上线盘故障', 2, null, 'EQIP', 'N', 'admin', '16-12月-14 05.25.18.292000 下午', 'admin', '16-12月-14 07.42.14.494000 下午', '1', '1');
insert into T_BAS_DATA_DICT (ID, TERMS_CODE, CODE, NAME, SEQ, LAN, EXTATT, MARKS, CREATE_USER_CODE, CREATE_TIME, MODIFY_USER_CODE, MODIFY_TIME, STATUS, CAN_MODIFY) values ('329909b8-4434-4f94-bd90-c26648d087f5', 'EVENT_TYPE_DETAIL', '挤出头故障', '挤出头故障', 1, null, 'EQIP', 'Y', 'admin', '16-12月-14 05.25.02.245000 下午', 'admin', '16-12月-14 07.42.05.770000 下午', '1', '1');
insert into T_BAS_DATA_DICT (ID, TERMS_CODE, CODE, NAME, SEQ, LAN, EXTATT, MARKS, CREATE_USER_CODE, CREATE_TIME, MODIFY_USER_CODE, MODIFY_TIME, STATUS, CAN_MODIFY) values ('6ece9386-563d-4d16-bdc3-772c447e66ed', 'EVENT_TYPE_DETAIL', '点检未做说明2', '点检未做说明2', 2, null, 'MAINTAIN_DAILY', '点检未做说明2', 'admin', '11-12月-14 09.58.04.626000 上午', 'admin', '11-12月-14 09.58.04.626000 上午', '1', '1');
insert into T_BAS_DATA_DICT (ID, TERMS_CODE, CODE, NAME, SEQ, LAN, EXTATT, MARKS, CREATE_USER_CODE, CREATE_TIME, MODIFY_USER_CODE, MODIFY_TIME, STATUS, CAN_MODIFY) values ('fb55eadf-2564-4301-b663-4a25db54bd43', 'EVENT_TYPE_DETAIL', 'OA超交期说明1', 'OA超交期说明1', 1, null, 'OT', 'OA超交期说明1', 'admin', '11-12月-14 09.58.51.191000 上午', 'admin', '11-12月-14 09.58.51.191000 上午', '1', '1');
insert into T_BAS_DATA_DICT (ID, TERMS_CODE, CODE, NAME, SEQ, LAN, EXTATT, MARKS, CREATE_USER_CODE, CREATE_TIME, MODIFY_USER_CODE, MODIFY_TIME, STATUS, CAN_MODIFY) values ('2666aaf5-4eb1-4a59-9060-b87229631feb', 'EVENT_TYPE_DETAIL', '点检未做说明1', '点检未做说明1', 1, null, 'MAINTAIN_DAILY', '点检未做说明1', 'admin', '11-12月-14 09.57.51.560000 上午', 'admin', '11-12月-14 09.57.51.560000 上午', '1', '1');
insert into T_BAS_DATA_DICT (ID, TERMS_CODE, CODE, NAME, SEQ, LAN, EXTATT, MARKS, CREATE_USER_CODE, CREATE_TIME, MODIFY_USER_CODE, MODIFY_TIME, STATUS, CAN_MODIFY) values ('4e27eb89-8616-4fd3-9a0d-2546ca4e245a', 'EVENT_TYPE_DETAIL', '设备维护说明1', '设备维护说明1', 1, null, 'MAINTAIN', '设备维护说明1', 'admin', '11-12月-14 09.58.21.125000 上午', 'admin', '11-12月-14 09.58.21.125000 上午', '1', '1');
insert into T_BAS_DATA_DICT (ID, TERMS_CODE, CODE, NAME, SEQ, LAN, EXTATT, MARKS, CREATE_USER_CODE, CREATE_TIME, MODIFY_USER_CODE, MODIFY_TIME, STATUS, CAN_MODIFY) values ('4d6f17e9-90c9-44f0-9677-52160bb31a44', 'EVENT_TYPE_DETAIL', '设备维护说明2', '设备维护说明2', 2, null, 'MAINTAIN', '设备维护说明2', 'admin', '11-12月-14 09.58.36.267000 上午', 'admin', '11-12月-14 09.58.36.267000 上午', '1', '1');
insert into T_BAS_DATA_DICT (ID, TERMS_CODE, CODE, NAME, SEQ, LAN, EXTATT, MARKS, CREATE_USER_CODE, CREATE_TIME, MODIFY_USER_CODE, MODIFY_TIME, STATUS, CAN_MODIFY) values ('6518b2a9-a7c4-4f1b-a99b-cfc4fd51827d', 'EVENT_TYPE_DETAIL', 'QA警报说明1', 'QA警报说明1', 1, null, 'QA', 'QA警报说明1', 'admin', '11-12月-14 09.59.05.135000 上午', 'admin', '11-12月-14 09.59.05.135000 上午', '1', '1');
insert into T_BAS_DATA_DICT (ID, TERMS_CODE, CODE, NAME, SEQ, LAN, EXTATT, MARKS, CREATE_USER_CODE, CREATE_TIME, MODIFY_USER_CODE, MODIFY_TIME, STATUS, CAN_MODIFY) values ('f2f179f2-46a2-4fcc-9aee-430f9642900c', 'EVENT_TYPE_DETAIL', 'QC警报说明1', 'QC警报说明1', 1, null, 'QC', 'QC警报说明1', 'admin', '11-12月-14 09.59.19.189000 上午', 'admin', '11-12月-14 09.59.19.189000 上午', '1', '1');





--系统资源
insert into T_BAS_RESOURCE (ID, NAME, PARENT_ID, URI, TYPE, SEQ, DESCRIPTION, CREATE_USER_CODE, CREATE_TIME, MODIFY_USER_CODE, MODIFY_TIME) values ('8c2b6c15-8a3e-46a7-b106-6a1ee3518db0', '系统属性配置', '2f4abb1e-8cd8-43bf-86a4-154497fd52c6', 'bas/propConfig.action', 'MENU', null, null, 'admin', TIMESTAMP '2014-05-13 17:52:55', 'admin', TIMESTAMP '2014-05-13 17:52:55');
insert into T_BAS_RESOURCE (ID, NAME, PARENT_ID, URI, TYPE, SEQ, DESCRIPTION, CREATE_USER_CODE, CREATE_TIME, MODIFY_USER_CODE, MODIFY_TIME) values ('6fe3086d-e027-4562-a21c-f02f8958a6ad', '系统消息管理', '2f4abb1e-8cd8-43bf-86a4-154497fd52c6', 'bas/sysMessage.action', 'MENU', null, null, 'admin', TIMESTAMP '2014-05-13 17:52:55', 'admin', TIMESTAMP '2014-05-13 17:52:55');
insert into T_BAS_RESOURCE (ID, NAME, PARENT_ID, URI, TYPE, SEQ, DESCRIPTION, CREATE_USER_CODE, CREATE_TIME, MODIFY_USER_CODE, MODIFY_TIME) values ('407bfe40-e781-41f8-bd22-401c9f790e9d', '组织机构管理', '2f4abb1e-8cd8-43bf-86a4-154497fd52c6', 'bas/org.action', 'MENU', null, null, 'admin', TIMESTAMP '2014-05-13 17:52:55', 'admin', TIMESTAMP '2014-05-13 17:52:55');
insert into T_BAS_RESOURCE (ID, NAME, PARENT_ID, URI, TYPE, SEQ, DESCRIPTION, CREATE_USER_CODE, CREATE_TIME, MODIFY_USER_CODE, MODIFY_TIME) values ('a1c301af-2cf0-49b9-a779-0733f7a384d0', '员工管理', '2f4abb1e-8cd8-43bf-86a4-154497fd52c6', 'bas/employee.action', 'MENU', null, null, 'admin', TIMESTAMP '2014-05-13 17:52:55', 'admin', TIMESTAMP '2014-05-13 17:52:55');
insert into T_BAS_RESOURCE (ID, NAME, PARENT_ID, URI, TYPE, SEQ, DESCRIPTION, CREATE_USER_CODE, CREATE_TIME, MODIFY_USER_CODE, MODIFY_TIME) values ('652c85ec-f1c0-47a8-ae83-c2b1c653fdb1', '定义生产订单每卷长度', '146e21cd-1854-4bda-b610-43b3b798ce0d', 'pla/customerOrderItem/saveCustomerOrderItem.action', 'BUTTON', null, null, 'admin', TIMESTAMP '2014-05-13 17:52:55', 'admin', TIMESTAMP '2014-05-13 17:52:55');
insert into T_BAS_RESOURCE (ID, NAME, PARENT_ID, URI, TYPE, SEQ, DESCRIPTION, CREATE_USER_CODE, CREATE_TIME, MODIFY_USER_CODE, MODIFY_TIME) values ('5e0ca9ec-2f82-4de5-96c1-6d3eb6b0ebbe', '事件处理流程定义', 'b94fce1c-8f82-43cd-8ee8-24ba22e28201', 'eve/eventProcess.action', 'BUTTON', null, null, 'admin', TIMESTAMP '2014-05-13 17:52:55', 'admin', TIMESTAMP '2014-05-13 17:52:55');
insert into T_BAS_RESOURCE (ID, NAME, PARENT_ID, URI, TYPE, SEQ, DESCRIPTION, CREATE_USER_CODE, CREATE_TIME, MODIFY_USER_CODE, MODIFY_TIME) values ('26f61141-2484-4f39-a00f-4ac4a5f866ed', '事件关联处理人', 'b94fce1c-8f82-43cd-8ee8-24ba22e28201', 'eve/eventProcesser.action', 'BUTTON', null, null, 'admin', TIMESTAMP '2014-05-13 17:52:56', 'admin', TIMESTAMP '2014-05-13 17:52:56');
insert into T_BAS_RESOURCE (ID, NAME, PARENT_ID, URI, TYPE, SEQ, DESCRIPTION, CREATE_USER_CODE, CREATE_TIME, MODIFY_USER_CODE, MODIFY_TIME) values ('84af01b7-372d-4ab4-a737-7b1c3055119d', '产品QC检测项维护', '143b6144-a79d-4588-bf0b-8d92ed2dce39', 'pro/productQCTemplate.action', 'MENU', 3, null, 'admin', TIMESTAMP '2014-05-13 17:52:56', 'admin', TIMESTAMP '2014-05-13 17:52:56');
insert into T_BAS_RESOURCE (ID, NAME, PARENT_ID, URI, TYPE, SEQ, DESCRIPTION, CREATE_USER_CODE, CREATE_TIME, MODIFY_USER_CODE, MODIFY_TIME) values ('2f4abb1e-8cd8-43bf-86a4-154497fd52c6', '基础信息管理', '-1', null, 'MENU', 1, null, 'admin', TIMESTAMP '2014-05-13 17:52:56', 'admin', TIMESTAMP '2014-05-13 17:52:56');
insert into T_BAS_RESOURCE (ID, NAME, PARENT_ID, URI, TYPE, SEQ, DESCRIPTION, CREATE_USER_CODE, CREATE_TIME, MODIFY_USER_CODE, MODIFY_TIME) values ('a9795f89-a6b4-4684-85c8-057a11cc11d8', '生产单管理', '1', 'wip/workOrder.action', 'MENU', 5, null, 'admin', TIMESTAMP '2014-05-13 17:52:56', 'admin', TIMESTAMP '2014-05-13 17:52:56');
insert into T_BAS_RESOURCE (ID, NAME, PARENT_ID, URI, TYPE, SEQ, DESCRIPTION, CREATE_USER_CODE, CREATE_TIME, MODIFY_USER_CODE, MODIFY_TIME) values ('8f62de26-9abb-45f0-a536-19dbedd9748d', 'OA结果查看', '10b60a0a-79c6-4b8a-abea-398862757e39', 'pla/orderOA.action', 'MENU', null, null, 'admin', TIMESTAMP '2014-05-13 17:52:56', 'admin', TIMESTAMP '2014-05-13 17:52:56');
insert into T_BAS_RESOURCE (ID, NAME, PARENT_ID, URI, TYPE, SEQ, DESCRIPTION, CREATE_USER_CODE, CREATE_TIME, MODIFY_USER_CODE, MODIFY_TIME) values ('909dbfed-25c1-4dcd-a2ed-381ae54ae3bd', 'SOP结果查看', '10b60a0a-79c6-4b8a-abea-398862757e39', 'pla/productSOP.action', 'MENU', null, null, 'admin', TIMESTAMP '2014-05-13 17:52:56', 'admin', TIMESTAMP '2014-05-13 17:52:56');
insert into T_BAS_RESOURCE (ID, NAME, PARENT_ID, URI, TYPE, SEQ, DESCRIPTION, CREATE_USER_CODE, CREATE_TIME, MODIFY_USER_CODE, MODIFY_TIME) values ('390a8e00-4f26-4ca2-b186-b462538ba6ad', '用户管理', '2f4abb1e-8cd8-43bf-86a4-154497fd52c6', 'bas/user.action', 'MENU', null, null, 'admin', TIMESTAMP '2014-05-13 17:52:56', 'admin', TIMESTAMP '2014-05-13 17:52:56');
insert into T_BAS_RESOURCE (ID, NAME, PARENT_ID, URI, TYPE, SEQ, DESCRIPTION, CREATE_USER_CODE, CREATE_TIME, MODIFY_USER_CODE, MODIFY_TIME) values ('0dfdb8b5-399a-495a-b8a0-8491c5573a0b', '角色管理', '2f4abb1e-8cd8-43bf-86a4-154497fd52c6', 'bas/role.action', 'MENU', null, null, 'admin', TIMESTAMP '2014-05-13 17:52:56', 'admin', TIMESTAMP '2014-05-13 17:52:56');
insert into T_BAS_RESOURCE (ID, NAME, PARENT_ID, URI, TYPE, SEQ, DESCRIPTION, CREATE_USER_CODE, CREATE_TIME, MODIFY_USER_CODE, MODIFY_TIME) values ('146e21cd-1854-4bda-b610-43b3b798ce0d', '生产订单管理', '10b60a0a-79c6-4b8a-abea-398862757e39', 'pla/customerOrderItem.action', 'MENU', null, null, 'admin', TIMESTAMP '2014-05-13 17:52:56', 'admin', TIMESTAMP '2014-05-13 17:52:56');
insert into T_BAS_RESOURCE (ID, NAME, PARENT_ID, URI, TYPE, SEQ, DESCRIPTION, CREATE_USER_CODE, CREATE_TIME, MODIFY_USER_CODE, MODIFY_TIME) values ('d03871af-924c-40a7-9ea5-f260fbe9617d', '质量追溯', '4fc47a83-92d0-456a-8964-185fd80e7de0', 'wip/qualityTrace.action', 'MENU', 1, null, 'admin', TIMESTAMP '2014-05-13 17:52:56', 'admin', TIMESTAMP '2014-05-13 17:52:56');
insert into T_BAS_RESOURCE (ID, NAME, PARENT_ID, URI, TYPE, SEQ, DESCRIPTION, CREATE_USER_CODE, CREATE_TIME, MODIFY_USER_CODE, MODIFY_TIME) values ('143b6144-a79d-4588-bf0b-8d92ed2dce39', '工艺流程管理', '-1', null, 'MENU', 5, null, 'admin', TIMESTAMP '2014-05-13 17:52:56', 'admin', TIMESTAMP '2014-05-13 17:52:56');
insert into T_BAS_RESOURCE (ID, NAME, PARENT_ID, URI, TYPE, SEQ, DESCRIPTION, CREATE_USER_CODE, CREATE_TIME, MODIFY_USER_CODE, MODIFY_TIME) values ('b5d103d7-f77d-4c72-98a7-6f0b5bde3385', 'QA检测数据维护', '143b6144-a79d-4588-bf0b-8d92ed2dce39', 'pro/processQA.action', 'MENU', 6, null, 'admin', TIMESTAMP '2014-05-13 17:52:57', 'admin', TIMESTAMP '2014-05-13 17:52:57');
insert into T_BAS_RESOURCE (ID, NAME, PARENT_ID, URI, TYPE, SEQ, DESCRIPTION, CREATE_USER_CODE, CREATE_TIME, MODIFY_USER_CODE, MODIFY_TIME) values ('4aad295e-233d-49b6-b639-ec62abdf31e2', '物料需求计划', '1', 'pla/materialRequirementPlan.action', 'MENU', null, null, 'admin', TIMESTAMP '2014-05-13 17:52:57', 'admin', TIMESTAMP '2014-05-13 17:52:57');
insert into T_BAS_RESOURCE (ID, NAME, PARENT_ID, URI, TYPE, SEQ, DESCRIPTION, CREATE_USER_CODE, CREATE_TIME, MODIFY_USER_CODE, MODIFY_TIME) values ('6c941dda-4224-4f7f-b521-ff844445ee55', '资源管理', '2f4abb1e-8cd8-43bf-86a4-154497fd52c6', 'bas/resources.action', 'MENU', null, null, 'admin', TIMESTAMP '2014-05-13 17:52:57', 'admin', TIMESTAMP '2014-05-13 17:52:57');
insert into T_BAS_RESOURCE (ID, NAME, PARENT_ID, URI, TYPE, SEQ, DESCRIPTION, CREATE_USER_CODE, CREATE_TIME, MODIFY_USER_CODE, MODIFY_TIME) values ('10b60a0a-79c6-4b8a-abea-398862757e39', '计划与排程', '-1', null, 'MENU', 4, null, 'admin', TIMESTAMP '2014-05-13 17:52:57', 'admin', TIMESTAMP '2014-05-13 17:52:57');
insert into T_BAS_RESOURCE (ID, NAME, PARENT_ID, URI, TYPE, SEQ, DESCRIPTION, CREATE_USER_CODE, CREATE_TIME, MODIFY_USER_CODE, MODIFY_TIME) values ('a1c6d49b-26f2-4d21-9642-11b38ddc9d69', '工作日班次', '2f4abb1e-8cd8-43bf-86a4-154497fd52c6', 'bas/weekCalendarShift.action', 'MENU', null, null, 'admin', TIMESTAMP '2014-05-13 17:52:57', 'admin', TIMESTAMP '2014-05-13 17:52:57');
insert into T_BAS_RESOURCE (ID, NAME, PARENT_ID, URI, TYPE, SEQ, DESCRIPTION, CREATE_USER_CODE, CREATE_TIME, MODIFY_USER_CODE, MODIFY_TIME) values ('59db2119-ce67-4a02-bbe2-b396d39a2661', '月工作日历', '2f4abb1e-8cd8-43bf-86a4-154497fd52c6', 'bas/monthCalendar.action', 'MENU', null, null, 'admin', TIMESTAMP '2014-05-13 17:52:57', 'admin', TIMESTAMP '2014-05-13 17:52:57');
insert into T_BAS_RESOURCE (ID, NAME, PARENT_ID, URI, TYPE, SEQ, DESCRIPTION, CREATE_USER_CODE, CREATE_TIME, MODIFY_USER_CODE, MODIFY_TIME) values ('d7bfd0ea-2a7c-4962-b773-03f8e2b8bdcd', '设备日历班次', '2f4abb1e-8cd8-43bf-86a4-154497fd52c6', 'bas/eqipCalendarShift.action', 'MENU', null, null, 'admin', TIMESTAMP '2014-05-13 17:52:57', 'admin', TIMESTAMP '2014-05-13 17:52:57');
insert into T_BAS_RESOURCE (ID, NAME, PARENT_ID, URI, TYPE, SEQ, DESCRIPTION, CREATE_USER_CODE, CREATE_TIME, MODIFY_USER_CODE, MODIFY_TIME) values ('ec53ff2a-c7f5-4777-9404-a34e115bcbfb', '事件类型管理', 'b94fce1c-8f82-43cd-8ee8-24ba22e28201', 'eve/eventType.action', 'MENU', 1, null, 'admin', TIMESTAMP '2014-05-13 17:52:57', 'admin', TIMESTAMP '2014-05-13 17:52:57');
insert into T_BAS_RESOURCE (ID, NAME, PARENT_ID, URI, TYPE, SEQ, DESCRIPTION, CREATE_USER_CODE, CREATE_TIME, MODIFY_USER_CODE, MODIFY_TIME) values ('4b109c4b-044e-4ea7-9faf-a49ebcf4a2f3', '调试', '2', null, 'BUTTON', null, null, 'admin', TIMESTAMP '2014-05-13 17:52:57', 'admin', TIMESTAMP '2014-05-13 17:52:57');
insert into T_BAS_RESOURCE (ID, NAME, PARENT_ID, URI, TYPE, SEQ, DESCRIPTION, CREATE_USER_CODE, CREATE_TIME, MODIFY_USER_CODE, MODIFY_TIME) values ('cdacff1a-af07-405a-b6aa-d3854d052463', '投料', '2', 'wip/terminal/feedMaterial.action', 'BUTTON', null, null, 'admin', TIMESTAMP '2014-05-13 17:52:57', 'admin', TIMESTAMP '2014-05-13 17:52:57');
insert into T_BAS_RESOURCE (ID, NAME, PARENT_ID, URI, TYPE, SEQ, DESCRIPTION, CREATE_USER_CODE, CREATE_TIME, MODIFY_USER_CODE, MODIFY_TIME) values ('6234aa0e-46e4-40e6-b176-5ab3ac408291', '工艺参数报表', '4fc47a83-92d0-456a-8964-185fd80e7de0', 'wip/processReceiptTrace.action', 'MENU', 2, null, 'admin', TIMESTAMP '2014-05-13 17:52:57', 'admin', TIMESTAMP '2014-05-13 17:52:57');
insert into T_BAS_RESOURCE (ID, NAME, PARENT_ID, URI, TYPE, SEQ, DESCRIPTION, CREATE_USER_CODE, CREATE_TIME, MODIFY_USER_CODE, MODIFY_TIME) values ('ff63582c-5e69-462c-abc9-023b8fdf8a42', '原材料库存事物', '4fc47a83-92d0-456a-8964-185fd80e7de0', 'wip/rawMaterialInvTrans.action', 'MENU', 3, null, 'admin', TIMESTAMP '2014-05-13 17:52:57', 'admin', TIMESTAMP '2014-05-13 17:52:57');
insert into T_BAS_RESOURCE (ID, NAME, PARENT_ID, URI, TYPE, SEQ, DESCRIPTION, CREATE_USER_CODE, CREATE_TIME, MODIFY_USER_CODE, MODIFY_TIME) values ('4a1ca22b-f914-4c4c-bcfc-79860ec3b0f1', '人员作业追溯', '4fc47a83-92d0-456a-8964-185fd80e7de0', 'wip/userProcessTrace.action', 'MENU', 6, null, 'admin', TIMESTAMP '2014-05-13 17:52:58', 'admin', TIMESTAMP '2014-05-13 17:52:58');
insert into T_BAS_RESOURCE (ID, NAME, PARENT_ID, URI, TYPE, SEQ, DESCRIPTION, CREATE_USER_CODE, CREATE_TIME, MODIFY_USER_CODE, MODIFY_TIME) values ('015b1129-26a1-4461-b831-a703cc361f55', '设备加工追溯', '4fc47a83-92d0-456a-8964-185fd80e7de0', 'wip/equipProcessTrace.action', 'MENU', 14, null, 'admin', TIMESTAMP '2014-05-13 17:52:58', 'admin', TIMESTAMP '2014-05-13 17:52:58');
insert into T_BAS_RESOURCE (ID, NAME, PARENT_ID, URI, TYPE, SEQ, DESCRIPTION, CREATE_USER_CODE, CREATE_TIME, MODIFY_USER_CODE, MODIFY_TIME) values ('5ece9384-e793-4bd6-b4ab-0572514923a4', '事件追溯', '4fc47a83-92d0-456a-8964-185fd80e7de0', 'wip/eventTrace.action', 'MENU', 10, null, 'admin', TIMESTAMP '2014-05-13 17:52:58', 'admin', TIMESTAMP '2014-05-13 17:52:58');
insert into T_BAS_RESOURCE (ID, NAME, PARENT_ID, URI, TYPE, SEQ, DESCRIPTION, CREATE_USER_CODE, CREATE_TIME, MODIFY_USER_CODE, MODIFY_TIME) values ('64084c58-25c2-4af9-acb3-bc85b469001f', '原材料追溯', '4fc47a83-92d0-456a-8964-185fd80e7de0', 'wip/materialTrace.action', 'MENU', 8, null, 'admin', TIMESTAMP '2014-05-13 17:52:58', 'admin', TIMESTAMP '2014-05-13 17:52:58');
insert into T_BAS_RESOURCE (ID, NAME, PARENT_ID, URI, TYPE, SEQ, DESCRIPTION, CREATE_USER_CODE, CREATE_TIME, MODIFY_USER_CODE, MODIFY_TIME) values ('7ab8fb28-f472-4e1a-aaac-fcf7835a705a', '生产过程追溯', '4fc47a83-92d0-456a-8964-185fd80e7de0', 'wip/productProcessTrace.action', 'MENU', 11, null, 'admin', TIMESTAMP '2014-05-13 17:52:58', 'admin', TIMESTAMP '2014-05-13 17:52:58');
insert into T_BAS_RESOURCE (ID, NAME, PARENT_ID, URI, TYPE, SEQ, DESCRIPTION, CREATE_USER_CODE, CREATE_TIME, MODIFY_USER_CODE, MODIFY_TIME) values ('18fad2ea-2b02-4d7d-b55a-5928c0417fd5', '生产状态报表', '4fc47a83-92d0-456a-8964-185fd80e7de0', 'wip/productStatusTrace.action', 'MENU', 9, null, 'admin', TIMESTAMP '2014-05-13 17:52:58', 'admin', TIMESTAMP '2014-05-13 17:52:58');
insert into T_BAS_RESOURCE (ID, NAME, PARENT_ID, URI, TYPE, SEQ, DESCRIPTION, CREATE_USER_CODE, CREATE_TIME, MODIFY_USER_CODE, MODIFY_TIME) values ('4359a28a-bab5-4a08-9842-8e2c76d4d7ef', '成品半成品称重', '1', 'wip/weight.action?pageName=productWeight', 'MENU', 12, null, 'admin', TIMESTAMP '2014-05-13 17:52:58', 'admin', TIMESTAMP '2014-05-13 17:52:58');
insert into T_BAS_RESOURCE (ID, NAME, PARENT_ID, URI, TYPE, SEQ, DESCRIPTION, CREATE_USER_CODE, CREATE_TIME, MODIFY_USER_CODE, MODIFY_TIME) values ('a1f70e53-6ea3-4781-b911-fcbe3b995635', '单元称重', '1', 'wip/weight.action?pageName=unitWeight', 'MENU', 13, null, 'admin', TIMESTAMP '2014-05-13 17:52:58', 'admin', TIMESTAMP '2014-05-13 17:52:58');
insert into T_BAS_RESOURCE (ID, NAME, PARENT_ID, URI, TYPE, SEQ, DESCRIPTION, CREATE_USER_CODE, CREATE_TIME, MODIFY_USER_CODE, MODIFY_TIME) values ('d3f1f949-978a-4544-be08-b468bbb261f3', '废料称重', '1', 'wip/weight.action?pageName=scrapWeight', 'MENU', 7, null, 'admin', TIMESTAMP '2014-05-13 17:52:58', 'admin', TIMESTAMP '2014-05-13 17:52:58');
insert into T_BAS_RESOURCE (ID, NAME, PARENT_ID, URI, TYPE, SEQ, DESCRIPTION, CREATE_USER_CODE, CREATE_TIME, MODIFY_USER_CODE, MODIFY_TIME) values ('4589ecc8-60a4-4b7e-b669-3b9d7026ab74', '多设备任务显示', '2', 'wip/terminal.action', 'BUTTON', null, null, 'admin', TIMESTAMP '2014-05-13 17:52:58', 'admin', TIMESTAMP '2014-05-13 17:52:58');
insert into T_BAS_RESOURCE (ID, NAME, PARENT_ID, URI, TYPE, SEQ, DESCRIPTION, CREATE_USER_CODE, CREATE_TIME, MODIFY_USER_CODE, MODIFY_TIME) values ('b665a3ab-819f-4753-be0c-29340ea207f8', '接受任务', '2', 'wip/terminal.action', 'BUTTON', null, null, 'admin', TIMESTAMP '2014-05-13 17:52:58', 'admin', TIMESTAMP '2014-05-13 17:52:58');
insert into T_BAS_RESOURCE (ID, NAME, PARENT_ID, URI, TYPE, SEQ, DESCRIPTION, CREATE_USER_CODE, CREATE_TIME, MODIFY_USER_CODE, MODIFY_TIME) values ('5bfd928d-5a06-45fe-b635-d252bbeed6b0', '报工', '2', 'wip/terminal/report.action', 'BUTTON', null, null, 'admin', TIMESTAMP '2014-05-13 17:52:59', 'admin', TIMESTAMP '2014-05-13 17:52:59');
insert into T_BAS_RESOURCE (ID, NAME, PARENT_ID, URI, TYPE, SEQ, DESCRIPTION, CREATE_USER_CODE, CREATE_TIME, MODIFY_USER_CODE, MODIFY_TIME) values ('eb6866b5-f602-4a1e-a41c-9f989b000cab', '调整生产订单优先级', '146e21cd-1854-4bda-b610-43b3b798ce0d', 'pla/customerOrderItem/listCunstomerOrder.action', 'BUTTON', null, null, 'admin', TIMESTAMP '2014-05-13 17:52:59', 'admin', TIMESTAMP '2014-05-13 17:52:59');
insert into T_BAS_RESOURCE (ID, NAME, PARENT_ID, URI, TYPE, SEQ, DESCRIPTION, CREATE_USER_CODE, CREATE_TIME, MODIFY_USER_CODE, MODIFY_TIME) values ('bf324ef9-f1a0-4565-a9cb-910c6dfc0578', '指定生产订单交期', '146e21cd-1854-4bda-b610-43b3b798ce0d', 'pla/customerOrderItem.action', 'BUTTON', null, null, 'admin', TIMESTAMP '2014-05-13 17:52:59', 'admin', TIMESTAMP '2014-05-13 17:52:59');
insert into T_BAS_RESOURCE (ID, NAME, PARENT_ID, URI, TYPE, SEQ, DESCRIPTION, CREATE_USER_CODE, CREATE_TIME, MODIFY_USER_CODE, MODIFY_TIME) values ('b1f78e62-03a7-456b-a32d-6c49d29d1091', '生产订单相关数据查看', '146e21cd-1854-4bda-b610-43b3b798ce0d', 'pla/customerOrderItem/findCraftProcess.action', 'BUTTON', null, null, 'admin', TIMESTAMP '2014-05-13 17:52:59', 'admin', TIMESTAMP '2014-05-13 17:52:59');
insert into T_BAS_RESOURCE (ID, NAME, PARENT_ID, URI, TYPE, SEQ, DESCRIPTION, CREATE_USER_CODE, CREATE_TIME, MODIFY_USER_CODE, MODIFY_TIME) values ('c5fa6608-6c12-4d7a-b8eb-6fe406acb7f1', 'MES终端管理', '2f4abb1e-8cd8-43bf-86a4-154497fd52c6', 'bas/mesClient.action', 'MENU', null, null, 'admin', TIMESTAMP '2014-05-13 17:52:59', 'admin', TIMESTAMP '2014-05-13 17:52:59');
insert into T_BAS_RESOURCE (ID, NAME, PARENT_ID, URI, TYPE, SEQ, DESCRIPTION, CREATE_USER_CODE, CREATE_TIME, MODIFY_USER_CODE, MODIFY_TIME) values ('4c9a5ee5-51f4-4fb5-96b4-92605eaaaf42', '数据字典', '2f4abb1e-8cd8-43bf-86a4-154497fd52c6', 'bas/dataDic.action', 'MENU', null, null, 'admin', TIMESTAMP '2014-05-13 17:52:59', 'admin', TIMESTAMP '2014-05-13 17:52:59');
insert into T_BAS_RESOURCE (ID, NAME, PARENT_ID, URI, TYPE, SEQ, DESCRIPTION, CREATE_USER_CODE, CREATE_TIME, MODIFY_USER_CODE, MODIFY_TIME) values ('2279316e-5230-410b-abd7-cb7993f67b3e', '系统业务参数配置', '2f4abb1e-8cd8-43bf-86a4-154497fd52c6', 'bas/paramConfig.action', 'MENU', null, null, 'admin', TIMESTAMP '2014-05-13 17:52:59', 'admin', TIMESTAMP '2014-05-13 17:52:59');
insert into T_BAS_RESOURCE (ID, NAME, PARENT_ID, URI, TYPE, SEQ, DESCRIPTION, CREATE_USER_CODE, CREATE_TIME, MODIFY_USER_CODE, MODIFY_TIME) values ('5a8a5574-9810-44dd-b4f8-98eba05781a3', '资源甘特图', 'a9795f89-a6b4-4684-85c8-057a11cc11d8', 'pla/orderTask.action', 'BUTTON', null, null, 'admin', TIMESTAMP '2014-05-13 17:52:59', 'admin', TIMESTAMP '2014-05-13 17:52:59');
insert into T_BAS_RESOURCE (ID, NAME, PARENT_ID, URI, TYPE, SEQ, DESCRIPTION, CREATE_USER_CODE, CREATE_TIME, MODIFY_USER_CODE, MODIFY_TIME) values ('f59aa680-5820-418d-9b57-e3c57cabec4c', 'QC报告', '143b6144-a79d-4588-bf0b-8d92ed2dce39', 'pro/productQCResult.action', 'MENU', 4, null, 'admin', TIMESTAMP '2014-05-13 17:52:59', 'admin', TIMESTAMP '2014-05-13 17:52:59');
insert into T_BAS_RESOURCE (ID, NAME, PARENT_ID, URI, TYPE, SEQ, DESCRIPTION, CREATE_USER_CODE, CREATE_TIME, MODIFY_USER_CODE, MODIFY_TIME) values ('7daf6e27-07df-48b1-ab89-7ef44f95d312', '辅助工具需求计划查看', '1', 'pla/toolsRequirementPlan.action', 'MENU', null, null, 'admin', TIMESTAMP '2014-05-13 17:52:59', 'admin', TIMESTAMP '2014-05-13 17:52:59');
insert into T_BAS_RESOURCE (ID, NAME, PARENT_ID, URI, TYPE, SEQ, DESCRIPTION, CREATE_USER_CODE, CREATE_TIME, MODIFY_USER_CODE, MODIFY_TIME) values ('ca0cc0d2-ca40-45f4-90eb-fdccd3b6ae1b', '审核通过', 'a9795f89-a6b4-4684-85c8-057a11cc11d8', 'workOrder/auditWorkOrder.action', 'BUTTON', null, null, 'admin', TIMESTAMP '2014-05-13 17:53:00', 'admin', TIMESTAMP '2014-05-13 17:53:00');
insert into T_BAS_RESOURCE (ID, NAME, PARENT_ID, URI, TYPE, SEQ, DESCRIPTION, CREATE_USER_CODE, CREATE_TIME, MODIFY_USER_CODE, MODIFY_TIME) values ('cc214e66-3dbf-4803-b47b-307926ea158a', '事件前台处理', 'b94fce1c-8f82-43cd-8ee8-24ba22e28201', 'eve/eventInformation.action', 'MENU', 2, null, 'admin', TIMESTAMP '2014-05-13 17:53:00', 'admin', TIMESTAMP '2014-05-13 17:53:00');
insert into T_BAS_RESOURCE (ID, NAME, PARENT_ID, URI, TYPE, SEQ, DESCRIPTION, CREATE_USER_CODE, CREATE_TIME, MODIFY_USER_CODE, MODIFY_TIME) values ('b94fce1c-8f82-43cd-8ee8-24ba22e28201', '事件管理', '-1', null, 'MENU', 3, null, 'admin', TIMESTAMP '2014-05-13 17:53:00', 'admin', TIMESTAMP '2014-05-13 17:53:00');
insert into T_BAS_RESOURCE (ID, NAME, PARENT_ID, URI, TYPE, SEQ, DESCRIPTION, CREATE_USER_CODE, CREATE_TIME, MODIFY_USER_CODE, MODIFY_TIME) values ('1a58ffd9-e229-474c-afdf-6278b47e79ee', '多设备任务显示', '2', 'wip/terminal.action', 'BUTTON', null, null, 'admin', TIMESTAMP '2014-05-13 17:53:00', 'admin', TIMESTAMP '2014-05-13 17:53:00');
insert into T_BAS_RESOURCE (ID, NAME, PARENT_ID, URI, TYPE, SEQ, DESCRIPTION, CREATE_USER_CODE, CREATE_TIME, MODIFY_USER_CODE, MODIFY_TIME) values ('54cac273-7405-4014-a8ff-6e687a4a82a3', '调整加工顺序', 'a9795f89-a6b4-4684-85c8-057a11cc11d8', 'workOrder/workOrderAdjustList.action', 'BUTTON', null, null, 'admin', TIMESTAMP '2014-05-13 17:53:00', 'admin', TIMESTAMP '2014-05-13 17:53:00');
insert into T_BAS_RESOURCE (ID, NAME, PARENT_ID, URI, TYPE, SEQ, DESCRIPTION, CREATE_USER_CODE, CREATE_TIME, MODIFY_USER_CODE, MODIFY_TIME) values ('9597dc64-aea4-42ba-9d1d-3ec7708ca199', '取消生产单', 'a9795f89-a6b4-4684-85c8-057a11cc11d8', 'workOrder/cancelOrder.action', 'BUTTON', null, null, 'admin', TIMESTAMP '2014-05-13 17:53:00', 'admin', TIMESTAMP '2014-05-13 17:53:00');
insert into T_BAS_RESOURCE (ID, NAME, PARENT_ID, URI, TYPE, SEQ, DESCRIPTION, CREATE_USER_CODE, CREATE_TIME, MODIFY_USER_CODE, MODIFY_TIME) values ('9de05eea-019a-4f95-835a-ee4d369e4135', '工人刷卡', '2', '..wip/terminal/employeeCreditCard.action', 'BUTTON', null, null, 'admin', TIMESTAMP '2014-05-13 17:53:00', 'admin', TIMESTAMP '2014-05-13 17:53:00');
insert into T_BAS_RESOURCE (ID, NAME, PARENT_ID, URI, TYPE, SEQ, DESCRIPTION, CREATE_USER_CODE, CREATE_TIME, MODIFY_USER_CODE, MODIFY_TIME) values ('2', '终端', '1', 'wip/terminal.action?ip=192.168.1.106&mac=E0-46-9A-1B-5D-4C', 'MENU', 4, null, 'admin', TIMESTAMP '2014-05-13 17:53:02', 'admin', TIMESTAMP '2014-05-13 17:53:02');
insert into T_BAS_RESOURCE (ID, NAME, PARENT_ID, URI, TYPE, SEQ, DESCRIPTION, CREATE_USER_CODE, CREATE_TIME, MODIFY_USER_CODE, MODIFY_TIME) values ('1', '生产过程', '-1', null, 'MENU', 2, null, 'admin', TIMESTAMP '2014-05-13 17:53:03', 'admin', TIMESTAMP '2014-05-13 17:53:03');
insert into T_BAS_RESOURCE (ID, NAME, PARENT_ID, URI, TYPE, SEQ, DESCRIPTION, CREATE_USER_CODE, CREATE_TIME, MODIFY_USER_CODE, MODIFY_TIME) values ('48838153-e549-4b32-bc17-62ffdb0500cc', '设备状态监控', '0cdcf853-81e4-4976-bcd2-f8ba88725ca1', 'wip/realTimeEquipmentStatus.action', 'MENU', null, null, 'admin', TIMESTAMP '2014-05-15 16:02:09', 'admin', TIMESTAMP '2014-05-15 16:02:09');
insert into T_BAS_RESOURCE (ID, NAME, PARENT_ID, URI, TYPE, SEQ, DESCRIPTION, CREATE_USER_CODE, CREATE_TIME, MODIFY_USER_CODE, MODIFY_TIME) values ('ef01d15c-f79b-4da3-ab35-df917da93f29', '工艺管理', '143b6144-a79d-4588-bf0b-8d92ed2dce39', 'pro/crafts.action', 'MENU', 2, null, 'admin', TIMESTAMP '2014-05-15 17:40:02', 'admin', TIMESTAMP '2014-05-15 17:40:02');
insert into T_BAS_RESOURCE (ID, NAME, PARENT_ID, URI, TYPE, SEQ, DESCRIPTION, CREATE_USER_CODE, CREATE_TIME, MODIFY_USER_CODE, MODIFY_TIME) values ('0cdcf853-81e4-4976-bcd2-f8ba88725ca1', '设备管理', '-1', null, 'MENU', 6, '设备管理', 'admin', TIMESTAMP '2014-05-26 10:35:46', 'admin', TIMESTAMP '2014-05-26 10:35:46');
insert into T_BAS_RESOURCE (ID, NAME, PARENT_ID, URI, TYPE, SEQ, DESCRIPTION, CREATE_USER_CODE, CREATE_TIME, MODIFY_USER_CODE, MODIFY_TIME) values ('abaa4586-8ab1-417a-a488-1e3403ee17aa', '设备信息', '0cdcf853-81e4-4976-bcd2-f8ba88725ca1', 'fac/equipInformation.action', 'MENU', null, null, 'admin', TIMESTAMP '2014-05-26 10:37:53', 'admin', TIMESTAMP '2014-05-26 10:37:53');
insert into T_BAS_RESOURCE (ID, NAME, PARENT_ID, URI, TYPE, SEQ, DESCRIPTION, CREATE_USER_CODE, CREATE_TIME, MODIFY_USER_CODE, MODIFY_TIME) values ('abaa4586-8ab1-417a-a488-1e3403ee17ab', '设备维护模版', '0cdcf853-81e4-4976-bcd2-f8ba88725ca1', 'fac/maintainTemplate.action', 'MENU', null, null, 'admin', TIMESTAMP '2014-05-26 10:37:53', 'admin', TIMESTAMP '2014-05-26 10:37:53');
insert into T_BAS_RESOURCE (ID, NAME, PARENT_ID, URI, TYPE, SEQ, DESCRIPTION, CREATE_USER_CODE, CREATE_TIME, MODIFY_USER_CODE, MODIFY_TIME) values ('abaa4586-8ab1-417a-a488-1e3403ee17ac', '设备维护', '0cdcf853-81e4-4976-bcd2-f8ba88725ca1', 'fac/equipInfo.action?type=MAIN_EQUIPMENT', 'MENU', null, null, 'admin', TIMESTAMP '2014-05-26 10:37:53', 'admin', TIMESTAMP '2014-05-26 10:37:53');
insert into T_BAS_RESOURCE (ID, NAME, PARENT_ID, URI, TYPE, SEQ, DESCRIPTION, CREATE_USER_CODE, CREATE_TIME, MODIFY_USER_CODE, MODIFY_TIME) values ('abaa4586-8ab1-417a-a488-1e3403ee17zbg', '设备维修统计报表', '0cdcf853-81e4-4976-bcd2-f8ba88725ca1', 'fac/equipMaintenance.action', 'MENU', null, null, 'admin', TIMESTAMP '2014-05-26 10:37:53', 'admin', TIMESTAMP '2014-05-26 10:37:53');
insert into T_BAS_RESOURCE (ID, NAME, PARENT_ID, URI, TYPE, SEQ, DESCRIPTION, CREATE_USER_CODE, CREATE_TIME, MODIFY_USER_CODE, MODIFY_TIME) values ('98d9fa1a-6bf8-4819-8976-e4a4d1bf1ead', '产品管理', '143b6144-a79d-4588-bf0b-8d92ed2dce39', 'pla/product.action', 'MENU', 1, null, 'admin', TIMESTAMP '2014-05-28 10:36:29', 'admin', TIMESTAMP '2014-05-28 10:36:29');
insert into T_BAS_RESOURCE (ID, NAME, PARENT_ID, URI, TYPE, SEQ, DESCRIPTION, CREATE_USER_CODE, CREATE_TIME, MODIFY_USER_CODE, MODIFY_TIME) values ('ea209522-381b-4776-baf6-a4e95ef49bcd', '系统采集参数映射', '2f4abb1e-8cd8-43bf-86a4-154497fd52c6', 'bas/equipMESWWMapping.action', 'MENU', null, null, 'admin', TIMESTAMP '2014-05-29 09:58:32', 'admin', TIMESTAMP '2014-05-29 09:58:32');
insert into T_BAS_RESOURCE (ID, NAME, PARENT_ID, URI, TYPE, SEQ, DESCRIPTION, CREATE_USER_CODE, CREATE_TIME, MODIFY_USER_CODE, MODIFY_TIME) values ('4fc47a83-92d0-456a-8964-185fd80e7de0', '生产追溯报表', '-1', null, 'MENU', 8, null, 'admin', TIMESTAMP '2014-05-30 13:34:46', 'admin', TIMESTAMP '2014-05-30 13:34:46');
insert into T_BAS_RESOURCE (ID, NAME, PARENT_ID, URI, TYPE, SEQ, DESCRIPTION, CREATE_USER_CODE, CREATE_TIME, MODIFY_USER_CODE, MODIFY_TIME) values ('f55cc2fa-5e2c-4c94-b52e-3df2f0b747f1', '挤塑生产记录', '4fc47a83-92d0-456a-8964-185fd80e7de0', 'wip/workOrderReport/js.action', 'MENU', null, null, 'admin', TIMESTAMP '2014-08-13 17:41:12', 'admin', TIMESTAMP '2014-08-13 17:41:12');
insert into T_BAS_RESOURCE (ID, NAME, PARENT_ID, URI, TYPE, SEQ, DESCRIPTION, CREATE_USER_CODE, CREATE_TIME, MODIFY_USER_CODE, MODIFY_TIME) values ('7e8059da-f51a-41bc-9926-0e434e51cb79', '火花配套生产记录', '4fc47a83-92d0-456a-8964-185fd80e7de0', 'wip/workOrderReport/hhpt.action', 'MENU', null, null, 'admin', TIMESTAMP '2014-08-13 17:41:27', 'admin', TIMESTAMP '2014-08-13 17:41:27');
insert into T_BAS_RESOURCE (ID, NAME, PARENT_ID, URI, TYPE, SEQ, DESCRIPTION, CREATE_USER_CODE, CREATE_TIME, MODIFY_USER_CODE, MODIFY_TIME) values ('6fdf242d-0e76-4020-9ccb-3b3e62d920b4', '编织屏蔽生产记录', '4fc47a83-92d0-456a-8964-185fd80e7de0', 'wip/workOrderReport/bzpb.action', 'MENU', null, null, 'admin', TIMESTAMP '2014-08-13 17:41:37', 'admin', TIMESTAMP '2014-08-13 17:41:37');
insert into T_BAS_RESOURCE (ID, NAME, PARENT_ID, URI, TYPE, SEQ, DESCRIPTION, CREATE_USER_CODE, CREATE_TIME, MODIFY_USER_CODE, MODIFY_TIME) values ('a76aa352-0952-46a5-b0e4-c8b5e20e963f', '成缆屏蔽生产记录', '4fc47a83-92d0-456a-8964-185fd80e7de0', 'wip/workOrderReport/clpb.action', 'MENU', null, null, 'admin', TIMESTAMP '2014-08-13 17:41:48', 'admin', TIMESTAMP '2014-08-13 17:41:48');
insert into T_BAS_RESOURCE (ID, NAME, PARENT_ID, URI, TYPE, SEQ, DESCRIPTION, CREATE_USER_CODE, CREATE_TIME, MODIFY_USER_CODE, MODIFY_TIME) values ('afb748eb-f1c4-4cc7-8896-10b26245f1fd', '库存管理', '-1', null, 'MENU', 7, null, 'admin', TIMESTAMP '2014-09-17 17:14:49', 'admin', TIMESTAMP '2014-09-17 17:14:49');
insert into T_BAS_RESOURCE (ID, NAME, PARENT_ID, URI, TYPE, SEQ, DESCRIPTION, CREATE_USER_CODE, CREATE_TIME, MODIFY_USER_CODE, MODIFY_TIME) values ('105c153d-e8b7-4746-abce-2990a517d6df', '半成品出库', 'afb748eb-f1c4-4cc7-8896-10b26245f1fd', 'inv/halfProductOut.action', 'MENU', null, null, 'admin', TIMESTAMP '2014-09-18 11:04:41', 'admin', TIMESTAMP '2014-09-18 11:04:41');
insert into T_BAS_RESOURCE (ID, NAME, PARENT_ID, URI, TYPE, SEQ, DESCRIPTION, CREATE_USER_CODE, CREATE_TIME, MODIFY_USER_CODE, MODIFY_TIME) values ('7c335aff-932e-4950-b4df-aa2708902679', '仓库管理', 'afb748eb-f1c4-4cc7-8896-10b26245f1fd', 'inv/warehouse.action', 'MENU', null, null, 'admin', TIMESTAMP '2014-09-19 09:15:49', 'admin', TIMESTAMP '2014-09-19 09:15:49');
insert into T_BAS_RESOURCE (ID, NAME, PARENT_ID, URI, TYPE, SEQ, DESCRIPTION, CREATE_USER_CODE, CREATE_TIME, MODIFY_USER_CODE, MODIFY_TIME) values ('6e379b06-f5d0-4992-9ecf-16461aa330b0', '半成品手工入库', 'afb748eb-f1c4-4cc7-8896-10b26245f1fd', 'inv/halfProductIn.action', 'MENU', null, null, 'admin', TIMESTAMP '2014-09-19 11:45:29', 'admin', TIMESTAMP '2014-09-19 11:45:29');
insert into T_BAS_RESOURCE (ID, NAME, PARENT_ID, URI, TYPE, SEQ, DESCRIPTION, CREATE_USER_CODE, CREATE_TIME, MODIFY_USER_CODE, MODIFY_TIME) values ('5d6eede2-145e-4d48-b099-dd8c6f8be632', '库存管理', 'afb748eb-f1c4-4cc7-8896-10b26245f1fd', 'pla/inventory.action', 'MENU', null, null, 'admin', TIMESTAMP '2014-09-19 14:42:48', 'admin', TIMESTAMP '2014-09-19 14:42:48');
insert into T_BAS_RESOURCE (ID, NAME, PARENT_ID, URI, TYPE, SEQ, DESCRIPTION, CREATE_USER_CODE, CREATE_TIME, MODIFY_USER_CODE, MODIFY_TIME) values ('ef0316c3-8ab0-4967-ba47-cdd16241db4d', '系统后台日志', '2f4abb1e-8cd8-43bf-86a4-154497fd52c6', 'job/schedulerLog.action', 'MENU', null, null, 'admin', TIMESTAMP '2014-09-19 15:00:47', 'admin', TIMESTAMP '2014-09-19 15:00:47');
insert into T_BAS_RESOURCE (ID, NAME, PARENT_ID, URI, TYPE, SEQ, DESCRIPTION, CREATE_USER_CODE, CREATE_TIME, MODIFY_USER_CODE, MODIFY_TIME) values ('2d833830-a1e9-48aa-ba90-ffdbb68892ff', '工艺报警报表', '4fc47a83-92d0-456a-8964-185fd80e7de0', 'wip/alarmHistory.action', 'MENU', null, '工艺报警报表', 'admin', '17-12月-14 10.07.01.191000 上午', 'admin', '17-12月-14 10.07.01.191000 上午'); 
insert into T_BAS_RESOURCE (ID, NAME, PARENT_ID, URI, TYPE, SEQ, DESCRIPTION, CREATE_USER_CODE, CREATE_TIME, MODIFY_USER_CODE, MODIFY_TIME) values ('5d6eede2-145e-4d48-b099-dd8c6f8be6df', '参数下发报表', '4fc47a83-92d0-456a-8964-185fd80e7de0', 'wip/receipt.action', 'MENU', null, null, 'admin', TIMESTAMP '2014-09-19 14:42:48', 'admin', TIMESTAMP '2014-09-19 14:42:48');
insert into T_BAS_RESOURCE (ID, NAME, PARENT_ID, URI, TYPE, SEQ, DESCRIPTION, CREATE_USER_CODE, CREATE_TIME, MODIFY_USER_CODE, MODIFY_TIME) values ('ef0316c3-8ab0-4a67-b449-cdd16241db4d', '设备点检报表', '0cdcf853-81e4-4976-bcd2-f8ba88725ca1', 'fac/dailyCheck.action', 'MENU', null, null, 'admin', TIMESTAMP '2014-09-19 15:00:47', 'admin', TIMESTAMP '2014-09-19 15:00:47');

--工厂日历
INSERT INTO T_BAS_WEEK_CALENDAR (ID, WEEK_NO, ISWORKDAY, CREATE_USER_CODE, CREATE_TIME, MODIFY_USER_CODE, MODIFY_TIME, ORG_CODE) VALUES ('1', 1, '1', 'admin', sysdate, 'admin', sysdate, '1');
INSERT INTO T_BAS_WEEK_CALENDAR (ID, WEEK_NO, ISWORKDAY, CREATE_USER_CODE, CREATE_TIME, MODIFY_USER_CODE, MODIFY_TIME, ORG_CODE) VALUES ('2', 2, '1', 'admin', sysdate, 'admin', sysdate, '1');
INSERT INTO T_BAS_WEEK_CALENDAR (ID, WEEK_NO, ISWORKDAY, CREATE_USER_CODE, CREATE_TIME, MODIFY_USER_CODE, MODIFY_TIME, ORG_CODE) VALUES ('3', 3, '1', 'admin', sysdate, 'admin', sysdate, '1');
INSERT INTO T_BAS_WEEK_CALENDAR (ID, WEEK_NO, ISWORKDAY, CREATE_USER_CODE, CREATE_TIME, MODIFY_USER_CODE, MODIFY_TIME, ORG_CODE) VALUES ('4', 4, '1', 'admin', sysdate, 'admin', sysdate, '1');
INSERT INTO T_BAS_WEEK_CALENDAR (ID, WEEK_NO, ISWORKDAY, CREATE_USER_CODE, CREATE_TIME, MODIFY_USER_CODE, MODIFY_TIME, ORG_CODE) VALUES ('5', 5, '1', 'admin', sysdate, 'admin', sysdate, '1');
INSERT INTO T_BAS_WEEK_CALENDAR (ID, WEEK_NO, ISWORKDAY, CREATE_USER_CODE, CREATE_TIME, MODIFY_USER_CODE, MODIFY_TIME, ORG_CODE) VALUES ('6', 6, '1', 'admin', sysdate, 'admin', sysdate, '1');
INSERT INTO T_BAS_WEEK_CALENDAR (ID, WEEK_NO, ISWORKDAY, CREATE_USER_CODE, CREATE_TIME, MODIFY_USER_CODE, MODIFY_TIME, ORG_CODE) VALUES ('7', 7, '1', 'admin', sysdate, 'admin', sysdate, '1');
INSERT INTO T_BAS_WEEK_CALENDAR (ID, WEEK_NO, ISWORKDAY, CREATE_USER_CODE, CREATE_TIME, MODIFY_USER_CODE, MODIFY_TIME, ORG_CODE) VALUES ('8', 1, '1', 'admin', sysdate, 'admin', sysdate, '2');
INSERT INTO T_BAS_WEEK_CALENDAR (ID, WEEK_NO, ISWORKDAY, CREATE_USER_CODE, CREATE_TIME, MODIFY_USER_CODE, MODIFY_TIME, ORG_CODE) VALUES ('9', 2, '1', 'admin', sysdate, 'admin', sysdate, '2');
INSERT INTO T_BAS_WEEK_CALENDAR (ID, WEEK_NO, ISWORKDAY, CREATE_USER_CODE, CREATE_TIME, MODIFY_USER_CODE, MODIFY_TIME, ORG_CODE) VALUES ('10', 3, '1', 'admin', sysdate, 'admin', sysdate, '2');
INSERT INTO T_BAS_WEEK_CALENDAR (ID, WEEK_NO, ISWORKDAY, CREATE_USER_CODE, CREATE_TIME, MODIFY_USER_CODE, MODIFY_TIME, ORG_CODE) VALUES ('11', 4, '0', 'admin', sysdate, 'admin', sysdate, '2');
INSERT INTO T_BAS_WEEK_CALENDAR (ID, WEEK_NO, ISWORKDAY, CREATE_USER_CODE, CREATE_TIME, MODIFY_USER_CODE, MODIFY_TIME, ORG_CODE) VALUES ('12', 5, '0', 'admin', sysdate, 'admin', sysdate, '2');
INSERT INTO T_BAS_WEEK_CALENDAR (ID, WEEK_NO, ISWORKDAY, CREATE_USER_CODE, CREATE_TIME, MODIFY_USER_CODE, MODIFY_TIME, ORG_CODE) VALUES ('13', 6, '0', 'admin', sysdate, 'admin', sysdate, '2');
INSERT INTO T_BAS_WEEK_CALENDAR (ID, WEEK_NO, ISWORKDAY, CREATE_USER_CODE, CREATE_TIME, MODIFY_USER_CODE, MODIFY_TIME, ORG_CODE) VALUES ('14', 7, '0', 'admin', sysdate, 'admin', sysdate, '2');
INSERT INTO T_BAS_MONTH_CALENDAR (ID, WORK_MONTH, DAY1, DAY2, DAY3, DAY4, DAY5, DAY6, DAY7, DAY8, DAY9, DAY10, DAY11, DAY12, DAY13, DAY14, DAY15, DAY16, DAY17, DAY18, DAY19, DAY20, DAY21, DAY22, DAY23, DAY24, DAY25, DAY26, DAY27, DAY28, DAY29, DAY30, DAY31, CREATE_USER_CODE, CREATE_TIME, MODIFY_USER_CODE, MODIFY_TIME, ORG_CODE) VALUES ('ea135d22-2f60-419d-ade6-086759b82596', '201404', '1', '1', '1', '1', '1', '1', '1', '1', '1', '1', '1', '1', '1', '1', '1', '1', '1', '1', '1', '1', '1', '1', '1', '1', '1', '1', '1', '1', '1', '1', null, 'admin', sysdate, 'admin', sysdate, '1');
INSERT INTO T_BAS_MONTH_CALENDAR (ID, WORK_MONTH, DAY1, DAY2, DAY3, DAY4, DAY5, DAY6, DAY7, DAY8, DAY9, DAY10, DAY11, DAY12, DAY13, DAY14, DAY15, DAY16, DAY17, DAY18, DAY19, DAY20, DAY21, DAY22, DAY23, DAY24, DAY25, DAY26, DAY27, DAY28, DAY29, DAY30, DAY31, CREATE_USER_CODE, CREATE_TIME, MODIFY_USER_CODE, MODIFY_TIME, ORG_CODE) VALUES ('428229de-ff80-4c36-aa49-6d258e51790c', '201405', '1', '1', '1', '1', '1', '1', '1', '1', '1', '1', '1', '1', '1', '1', '1', '1', '1', '1', '1', '1', '1', '1', '1', '1', '1', '1', '1', '1', '1', '1', '1', 'admin', sysdate, 'admin', sysdate, '1');
INSERT INTO T_BAS_MONTH_CALENDAR (ID, WORK_MONTH, DAY1, DAY2, DAY3, DAY4, DAY5, DAY6, DAY7, DAY8, DAY9, DAY10, DAY11, DAY12, DAY13, DAY14, DAY15, DAY16, DAY17, DAY18, DAY19, DAY20, DAY21, DAY22, DAY23, DAY24, DAY25, DAY26, DAY27, DAY28, DAY29, DAY30, DAY31, CREATE_USER_CODE, CREATE_TIME, MODIFY_USER_CODE, MODIFY_TIME, ORG_CODE) VALUES ('48d408ce-3927-4852-86b9-8a83547c1e3b', '201406', '1', '1', '1', '1', '1', '1', '1', '1', '1', '1', '1', '1', '1', '1', '1', '1', '1', '1', '1', '1', '1', '1', '1', '1', '1', '1', '1', '1', '1', '1', null, 'admin', sysdate, 'admin', sysdate, '1');
INSERT INTO T_BAS_MONTH_CALENDAR (ID, WORK_MONTH, DAY1, DAY2, DAY3, DAY4, DAY5, DAY6, DAY7, DAY8, DAY9, DAY10, DAY11, DAY12, DAY13, DAY14, DAY15, DAY16, DAY17, DAY18, DAY19, DAY20, DAY21, DAY22, DAY23, DAY24, DAY25, DAY26, DAY27, DAY28, DAY29, DAY30, DAY31, CREATE_USER_CODE, CREATE_TIME, MODIFY_USER_CODE, MODIFY_TIME, ORG_CODE) VALUES ('bfe35968-b037-41a8-bf51-2f703b27e883', '201407', '1', '1', '1', '1', '1', '1', '1', '1', '1', '1', '1', '1', '1', '1', '1', '1', '1', '1', '1', '1', '1', '1', '1', '1', '1', '1', '1', '1', '1', '1', '1', 'admin', sysdate, 'admin', sysdate, '1');
INSERT INTO T_BAS_MONTH_CALENDAR (ID, WORK_MONTH, DAY1, DAY2, DAY3, DAY4, DAY5, DAY6, DAY7, DAY8, DAY9, DAY10, DAY11, DAY12, DAY13, DAY14, DAY15, DAY16, DAY17, DAY18, DAY19, DAY20, DAY21, DAY22, DAY23, DAY24, DAY25, DAY26, DAY27, DAY28, DAY29, DAY30, DAY31, CREATE_USER_CODE, CREATE_TIME, MODIFY_USER_CODE, MODIFY_TIME, ORG_CODE) VALUES ('236a1f1c-2891-4d73-855e-0004dc34345b', '201408', '1', '1', '1', '1', '1', '1', '1', '1', '1', '1', '1', '1', '1', '1', '1', '1', '1', '1', '1', '1', '1', '1', '1', '1', '1', '1', '1', '1', '1', '1', '1', 'admin', sysdate, 'admin', sysdate, '1');
INSERT INTO T_BAS_MONTH_CALENDAR (ID, WORK_MONTH, DAY1, DAY2, DAY3, DAY4, DAY5, DAY6, DAY7, DAY8, DAY9, DAY10, DAY11, DAY12, DAY13, DAY14, DAY15, DAY16, DAY17, DAY18, DAY19, DAY20, DAY21, DAY22, DAY23, DAY24, DAY25, DAY26, DAY27, DAY28, DAY29, DAY30, DAY31, CREATE_USER_CODE, CREATE_TIME, MODIFY_USER_CODE, MODIFY_TIME, ORG_CODE) VALUES ('c8d6b4dc-6504-47cd-9cc8-cedf112ad1b4', '201409', '1', '1', '1', '1', '1', '1', '1', '1', '1', '1', '1', '1', '1', '1', '1', '1', '1', '1', '1', '1', '1', '1', '1', '1', '1', '1', '1', '1', '1', '1', null, 'admin', sysdate, 'admin', sysdate, '1');
INSERT INTO T_BAS_MONTH_CALENDAR (ID, WORK_MONTH, DAY1, DAY2, DAY3, DAY4, DAY5, DAY6, DAY7, DAY8, DAY9, DAY10, DAY11, DAY12, DAY13, DAY14, DAY15, DAY16, DAY17, DAY18, DAY19, DAY20, DAY21, DAY22, DAY23, DAY24, DAY25, DAY26, DAY27, DAY28, DAY29, DAY30, DAY31, CREATE_USER_CODE, CREATE_TIME, MODIFY_USER_CODE, MODIFY_TIME, ORG_CODE) VALUES ('bac213b0-9829-48de-ba5f-7607f977ee70', '201410', '1', '1', '1', '1', '1', '1', '1', '1', '1', '1', '1', '1', '1', '1', '1', '1', '1', '1', '1', '1', '1', '1', '1', '1', '1', '1', '1', '1', '1', '1', '1', 'admin', sysdate, 'admin', sysdate, '1');
INSERT INTO T_BAS_MONTH_CALENDAR (ID, WORK_MONTH, DAY1, DAY2, DAY3, DAY4, DAY5, DAY6, DAY7, DAY8, DAY9, DAY10, DAY11, DAY12, DAY13, DAY14, DAY15, DAY16, DAY17, DAY18, DAY19, DAY20, DAY21, DAY22, DAY23, DAY24, DAY25, DAY26, DAY27, DAY28, DAY29, DAY30, DAY31, CREATE_USER_CODE, CREATE_TIME, MODIFY_USER_CODE, MODIFY_TIME, ORG_CODE) VALUES ('b48bffba-805b-45b0-97b1-37a4c4c6e855', '201411', '1', '1', '1', '1', '1', '1', '1', '1', '1', '1', '1', '1', '1', '1', '1', '1', '1', '1', '1', '1', '1', '1', '1', '1', '1', '1', '1', '1', '1', '1', null, 'admin', sysdate, 'admin', sysdate, '1');
INSERT INTO T_BAS_MONTH_CALENDAR (ID, WORK_MONTH, DAY1, DAY2, DAY3, DAY4, DAY5, DAY6, DAY7, DAY8, DAY9, DAY10, DAY11, DAY12, DAY13, DAY14, DAY15, DAY16, DAY17, DAY18, DAY19, DAY20, DAY21, DAY22, DAY23, DAY24, DAY25, DAY26, DAY27, DAY28, DAY29, DAY30, DAY31, CREATE_USER_CODE, CREATE_TIME, MODIFY_USER_CODE, MODIFY_TIME, ORG_CODE) VALUES ('be73226c-936e-4162-9fb0-6b0ec6d1c26e', '201412', '1', '1', '1', '1', '1', '1', '1', '1', '1', '1', '1', '1', '1', '1', '1', '1', '1', '1', '1', '1', '1', '1', '1', '1', '1', '1', '1', '1', '1', '1', '1', 'admin', sysdate, 'admin', sysdate, '1');
INSERT INTO T_BAS_MONTH_CALENDAR (ID, WORK_MONTH, DAY1, DAY2, DAY3, DAY4, DAY5, DAY6, DAY7, DAY8, DAY9, DAY10, DAY11, DAY12, DAY13, DAY14, DAY15, DAY16, DAY17, DAY18, DAY19, DAY20, DAY21, DAY22, DAY23, DAY24, DAY25, DAY26, DAY27, DAY28, DAY29, DAY30, DAY31, CREATE_USER_CODE, CREATE_TIME, MODIFY_USER_CODE, MODIFY_TIME, ORG_CODE) VALUES ('2e55e223-f83d-41c6-aa8d-60bcfd26cdf4', '201501', '1', '1', '1', '1', '1', '1', '1', '1', '1', '1', '1', '1', '1', '1', '1', '1', '1', '1', '1', '1', '1', '1', '1', '1', '1', '1', '1', '1', '1', '1', '1', 'admin', sysdate, 'admin', sysdate, '1');
INSERT INTO T_BAS_MONTH_CALENDAR (ID, WORK_MONTH, DAY1, DAY2, DAY3, DAY4, DAY5, DAY6, DAY7, DAY8, DAY9, DAY10, DAY11, DAY12, DAY13, DAY14, DAY15, DAY16, DAY17, DAY18, DAY19, DAY20, DAY21, DAY22, DAY23, DAY24, DAY25, DAY26, DAY27, DAY28, DAY29, DAY30, DAY31, CREATE_USER_CODE, CREATE_TIME, MODIFY_USER_CODE, MODIFY_TIME, ORG_CODE) VALUES ('398d2924-805e-4979-ab6b-fd543f5613ad', '201502', '1', '1', '1', '1', '1', '1', '1', '1', '1', '1', '1', '1', '1', '1', '1', '1', '1', '1', '1', '1', '1', '1', '1', '1', '1', '1', '1', '1', null, null, null, 'admin', sysdate, 'admin', sysdate, '1');
INSERT INTO T_BAS_MONTH_CALENDAR (ID, WORK_MONTH, DAY1, DAY2, DAY3, DAY4, DAY5, DAY6, DAY7, DAY8, DAY9, DAY10, DAY11, DAY12, DAY13, DAY14, DAY15, DAY16, DAY17, DAY18, DAY19, DAY20, DAY21, DAY22, DAY23, DAY24, DAY25, DAY26, DAY27, DAY28, DAY29, DAY30, DAY31, CREATE_USER_CODE, CREATE_TIME, MODIFY_USER_CODE, MODIFY_TIME, ORG_CODE) VALUES ('dfd4dd94-0d5e-4114-bec0-56ed6f8c061c', '201503', '1', '1', '1', '1', '1', '1', '1', '1', '1', '1', '1', '1', '1', '1', '1', '1', '1', '1', '1', '1', '1', '1', '1', '1', '1', '1', '1', '1', '1', '1', '1', 'admin', sysdate, 'admin', sysdate, '1');
INSERT INTO T_BAS_MONTH_CALENDAR (ID, WORK_MONTH, DAY1, DAY2, DAY3, DAY4, DAY5, DAY6, DAY7, DAY8, DAY9, DAY10, DAY11, DAY12, DAY13, DAY14, DAY15, DAY16, DAY17, DAY18, DAY19, DAY20, DAY21, DAY22, DAY23, DAY24, DAY25, DAY26, DAY27, DAY28, DAY29, DAY30, DAY31, CREATE_USER_CODE, CREATE_TIME, MODIFY_USER_CODE, MODIFY_TIME, ORG_CODE) VALUES ('d1abacb0-d762-42c3-adcb-35f2db3e91df', '201504', '1', '1', '1', '1', '1', '1', '1', '1', '1', '1', '1', '1', '1', '1', '1', '1', '1', '1', '1', '1', '1', '1', '1', '1', '1', '1', '1', '1', '1', '1', null, 'admin', sysdate, 'admin', sysdate, '1');
INSERT INTO T_BAS_MONTH_CALENDAR (ID, WORK_MONTH, DAY1, DAY2, DAY3, DAY4, DAY5, DAY6, DAY7, DAY8, DAY9, DAY10, DAY11, DAY12, DAY13, DAY14, DAY15, DAY16, DAY17, DAY18, DAY19, DAY20, DAY21, DAY22, DAY23, DAY24, DAY25, DAY26, DAY27, DAY28, DAY29, DAY30, DAY31, CREATE_USER_CODE, CREATE_TIME, MODIFY_USER_CODE, MODIFY_TIME, ORG_CODE) VALUES ('0b0e3829-8cb8-4705-bccc-cf9230633363', '201505', '1', '1', '1', '1', '1', '1', '1', '1', '1', '1', '1', '1', '1', '1', '1', '1', '1', '1', '1', '1', '1', '1', '1', '1', '1', '1', '1', '1', '1', '1', '1', 'admin', sysdate, 'admin', sysdate, '1');
INSERT INTO T_BAS_MONTH_CALENDAR (ID, WORK_MONTH, DAY1, DAY2, DAY3, DAY4, DAY5, DAY6, DAY7, DAY8, DAY9, DAY10, DAY11, DAY12, DAY13, DAY14, DAY15, DAY16, DAY17, DAY18, DAY19, DAY20, DAY21, DAY22, DAY23, DAY24, DAY25, DAY26, DAY27, DAY28, DAY29, DAY30, DAY31, CREATE_USER_CODE, CREATE_TIME, MODIFY_USER_CODE, MODIFY_TIME, ORG_CODE) VALUES ('b1fde6f0-efd9-40a5-a1d7-fe9806c2a9a3', '201506', '1', '1', '1', '1', '1', '1', '1', '1', '1', '1', '1', '1', '1', '1', '1', '1', '1', '1', '1', '1', '1', '1', '1', '1', '1', '1', '1', '1', '1', '1', null, 'admin', sysdate, 'admin', sysdate, '1');
INSERT INTO T_BAS_MONTH_CALENDAR (ID, WORK_MONTH, DAY1, DAY2, DAY3, DAY4, DAY5, DAY6, DAY7, DAY8, DAY9, DAY10, DAY11, DAY12, DAY13, DAY14, DAY15, DAY16, DAY17, DAY18, DAY19, DAY20, DAY21, DAY22, DAY23, DAY24, DAY25, DAY26, DAY27, DAY28, DAY29, DAY30, DAY31, CREATE_USER_CODE, CREATE_TIME, MODIFY_USER_CODE, MODIFY_TIME, ORG_CODE) VALUES ('24f8cda9-4393-4dd6-bd3c-77891f025e4b', '201507', '1', '1', '1', '1', '1', '1', '1', '1', '1', '1', '1', '1', '1', '1', '1', '1', '1', '1', '1', '1', '1', '1', '1', '1', '1', '1', '1', '1', '1', '1', '1', 'admin', sysdate, 'admin', sysdate, '1');
INSERT INTO T_BAS_MONTH_CALENDAR (ID, WORK_MONTH, DAY1, DAY2, DAY3, DAY4, DAY5, DAY6, DAY7, DAY8, DAY9, DAY10, DAY11, DAY12, DAY13, DAY14, DAY15, DAY16, DAY17, DAY18, DAY19, DAY20, DAY21, DAY22, DAY23, DAY24, DAY25, DAY26, DAY27, DAY28, DAY29, DAY30, DAY31, CREATE_USER_CODE, CREATE_TIME, MODIFY_USER_CODE, MODIFY_TIME, ORG_CODE) VALUES ('a58f9571-9f04-4cee-9929-3ec9b42e4b6b', '201508', '1', '1', '1', '1', '1', '1', '1', '1', '1', '1', '1', '1', '1', '1', '1', '1', '1', '1', '1', '1', '1', '1', '1', '1', '1', '1', '1', '1', '1', '1', '1', 'admin', sysdate, 'admin', sysdate, '1');
INSERT INTO T_BAS_MONTH_CALENDAR (ID, WORK_MONTH, DAY1, DAY2, DAY3, DAY4, DAY5, DAY6, DAY7, DAY8, DAY9, DAY10, DAY11, DAY12, DAY13, DAY14, DAY15, DAY16, DAY17, DAY18, DAY19, DAY20, DAY21, DAY22, DAY23, DAY24, DAY25, DAY26, DAY27, DAY28, DAY29, DAY30, DAY31, CREATE_USER_CODE, CREATE_TIME, MODIFY_USER_CODE, MODIFY_TIME, ORG_CODE) VALUES ('2b7de453-6408-49d3-93da-e8c40129e5a5', '201509', '1', '1', '1', '1', '1', '1', '1', '1', '1', '1', '1', '1', '1', '1', '1', '1', '1', '1', '1', '1', '1', '1', '1', '1', '1', '1', '1', '1', '1', '1', null, 'admin', sysdate, 'admin', sysdate, '1');
INSERT INTO T_BAS_MONTH_CALENDAR (ID, WORK_MONTH, DAY1, DAY2, DAY3, DAY4, DAY5, DAY6, DAY7, DAY8, DAY9, DAY10, DAY11, DAY12, DAY13, DAY14, DAY15, DAY16, DAY17, DAY18, DAY19, DAY20, DAY21, DAY22, DAY23, DAY24, DAY25, DAY26, DAY27, DAY28, DAY29, DAY30, DAY31, CREATE_USER_CODE, CREATE_TIME, MODIFY_USER_CODE, MODIFY_TIME, ORG_CODE) VALUES ('9d8323da-b226-4194-957b-418eabc47745', '201510', '1', '1', '1', '1', '1', '1', '1', '1', '1', '1', '1', '1', '1', '1', '1', '1', '1', '1', '1', '1', '1', '1', '1', '1', '1', '1', '1', '1', '1', '1', '1', 'admin', sysdate, 'admin', sysdate, '1');
INSERT INTO T_BAS_MONTH_CALENDAR (ID, WORK_MONTH, DAY1, DAY2, DAY3, DAY4, DAY5, DAY6, DAY7, DAY8, DAY9, DAY10, DAY11, DAY12, DAY13, DAY14, DAY15, DAY16, DAY17, DAY18, DAY19, DAY20, DAY21, DAY22, DAY23, DAY24, DAY25, DAY26, DAY27, DAY28, DAY29, DAY30, DAY31, CREATE_USER_CODE, CREATE_TIME, MODIFY_USER_CODE, MODIFY_TIME, ORG_CODE) VALUES ('42fdfa77-e80f-4c67-880e-ecb1e8a6c36c', '201511', '1', '1', '1', '1', '1', '1', '1', '1', '1', '1', '1', '1', '1', '1', '1', '1', '1', '1', '1', '1', '1', '1', '1', '1', '1', '1', '1', '1', '1', '1', null, 'admin', sysdate, 'admin', sysdate, '1');
INSERT INTO T_BAS_MONTH_CALENDAR (ID, WORK_MONTH, DAY1, DAY2, DAY3, DAY4, DAY5, DAY6, DAY7, DAY8, DAY9, DAY10, DAY11, DAY12, DAY13, DAY14, DAY15, DAY16, DAY17, DAY18, DAY19, DAY20, DAY21, DAY22, DAY23, DAY24, DAY25, DAY26, DAY27, DAY28, DAY29, DAY30, DAY31, CREATE_USER_CODE, CREATE_TIME, MODIFY_USER_CODE, MODIFY_TIME, ORG_CODE) VALUES ('ac82aeb2-ceb3-4a50-b2f1-0c64ee1c2b43', '201512', '1', '1', '1', '1', '1', '1', '1', '1', '1', '1', '1', '1', '1', '1', '1', '1', '1', '1', '1', '1', '1', '1', '1', '1', '1', '1', '1', '1', '1', '1', '1', 'admin', sysdate, 'admin', sysdate, '1');
INSERT INTO T_BAS_MONTH_CALENDAR (ID, WORK_MONTH, DAY1, DAY2, DAY3, DAY4, DAY5, DAY6, DAY7, DAY8, DAY9, DAY10, DAY11, DAY12, DAY13, DAY14, DAY15, DAY16, DAY17, DAY18, DAY19, DAY20, DAY21, DAY22, DAY23, DAY24, DAY25, DAY26, DAY27, DAY28, DAY29, DAY30, DAY31, CREATE_USER_CODE, CREATE_TIME, MODIFY_USER_CODE, MODIFY_TIME, ORG_CODE) VALUES ('3784e668-9108-4e14-9acd-7d22aa9423f9', '201601', '1', '1', '1', '1', '1', '1', '1', '1', '1', '1', '1', '1', '1', '1', '1', '1', '1', '1', '1', '1', '1', '1', '1', '1', '1', '1', '1', '1', '1', '1', '1', 'admin', sysdate, 'admin', sysdate, '1');
INSERT INTO T_BAS_MONTH_CALENDAR (ID, WORK_MONTH, DAY1, DAY2, DAY3, DAY4, DAY5, DAY6, DAY7, DAY8, DAY9, DAY10, DAY11, DAY12, DAY13, DAY14, DAY15, DAY16, DAY17, DAY18, DAY19, DAY20, DAY21, DAY22, DAY23, DAY24, DAY25, DAY26, DAY27, DAY28, DAY29, DAY30, DAY31, CREATE_USER_CODE, CREATE_TIME, MODIFY_USER_CODE, MODIFY_TIME, ORG_CODE) VALUES ('caf31055-46ca-4ddd-a1c1-6c1adaa08af0', '201602', '1', '1', '1', '1', '1', '1', '1', '1', '1', '1', '1', '1', '1', '1', '1', '1', '1', '1', '1', '1', '1', '1', '1', '1', '1', '1', '1', '1', '1', null, null, 'admin', sysdate, 'admin', sysdate, '1');
INSERT INTO T_BAS_MONTH_CALENDAR (ID, WORK_MONTH, DAY1, DAY2, DAY3, DAY4, DAY5, DAY6, DAY7, DAY8, DAY9, DAY10, DAY11, DAY12, DAY13, DAY14, DAY15, DAY16, DAY17, DAY18, DAY19, DAY20, DAY21, DAY22, DAY23, DAY24, DAY25, DAY26, DAY27, DAY28, DAY29, DAY30, DAY31, CREATE_USER_CODE, CREATE_TIME, MODIFY_USER_CODE, MODIFY_TIME, ORG_CODE) VALUES ('442304f0-cfcf-4000-a81b-ecabc1dc5d31', '201603', '1', '1', '1', '1', '1', '1', '1', '1', '1', '1', '1', '1', '1', '1', '1', '1', '1', '1', '1', '1', '1', '1', '1', '1', '1', '1', '1', '1', '1', '1', '1', 'admin', sysdate, 'admin', sysdate, '1');
INSERT INTO T_BAS_MONTH_CALENDAR (ID, WORK_MONTH, DAY1, DAY2, DAY3, DAY4, DAY5, DAY6, DAY7, DAY8, DAY9, DAY10, DAY11, DAY12, DAY13, DAY14, DAY15, DAY16, DAY17, DAY18, DAY19, DAY20, DAY21, DAY22, DAY23, DAY24, DAY25, DAY26, DAY27, DAY28, DAY29, DAY30, DAY31, CREATE_USER_CODE, CREATE_TIME, MODIFY_USER_CODE, MODIFY_TIME, ORG_CODE) VALUES ('88178bcb-aaae-40c1-9be0-63f54914bf4d', '201604', '1', '1', '1', '1', '1', '1', '1', '1', '1', '1', '1', '1', '1', '1', '1', '1', '1', '1', '1', '1', '1', '1', '1', '1', '1', '1', '1', '1', '1', '1', null, 'admin', sysdate, 'admin', sysdate, '1');
INSERT INTO T_BAS_MONTH_CALENDAR (ID, WORK_MONTH, DAY1, DAY2, DAY3, DAY4, DAY5, DAY6, DAY7, DAY8, DAY9, DAY10, DAY11, DAY12, DAY13, DAY14, DAY15, DAY16, DAY17, DAY18, DAY19, DAY20, DAY21, DAY22, DAY23, DAY24, DAY25, DAY26, DAY27, DAY28, DAY29, DAY30, DAY31, CREATE_USER_CODE, CREATE_TIME, MODIFY_USER_CODE, MODIFY_TIME, ORG_CODE) VALUES ('8ed40080-d654-426a-b762-060993cbb047', '201605', '1', '1', '1', '1', '1', '1', '1', '1', '1', '1', '1', '1', '1', '1', '1', '1', '1', '1', '1', '1', '1', '1', '1', '1', '1', '1', '1', '1', '1', '1', '1', 'admin', sysdate, 'admin', sysdate, '1');
INSERT INTO T_BAS_MONTH_CALENDAR (ID, WORK_MONTH, DAY1, DAY2, DAY3, DAY4, DAY5, DAY6, DAY7, DAY8, DAY9, DAY10, DAY11, DAY12, DAY13, DAY14, DAY15, DAY16, DAY17, DAY18, DAY19, DAY20, DAY21, DAY22, DAY23, DAY24, DAY25, DAY26, DAY27, DAY28, DAY29, DAY30, DAY31, CREATE_USER_CODE, CREATE_TIME, MODIFY_USER_CODE, MODIFY_TIME, ORG_CODE) VALUES ('1a5aa568-5fe4-41be-917a-d17ffaed110a', '201606', '1', '1', '1', '1', '1', '1', '1', '1', '1', '1', '1', '1', '1', '1', '1', '1', '1', '1', '1', '1', '1', '1', '1', '1', '1', '1', '1', '1', '1', '1', null, 'admin', sysdate, 'admin', sysdate, '1');
INSERT INTO T_BAS_MONTH_CALENDAR (ID, WORK_MONTH, DAY1, DAY2, DAY3, DAY4, DAY5, DAY6, DAY7, DAY8, DAY9, DAY10, DAY11, DAY12, DAY13, DAY14, DAY15, DAY16, DAY17, DAY18, DAY19, DAY20, DAY21, DAY22, DAY23, DAY24, DAY25, DAY26, DAY27, DAY28, DAY29, DAY30, DAY31, CREATE_USER_CODE, CREATE_TIME, MODIFY_USER_CODE, MODIFY_TIME, ORG_CODE) VALUES ('c1c5a36e-9057-4644-9fce-201fd840ad96', '201607', '1', '1', '1', '1', '1', '1', '1', '1', '1', '1', '1', '1', '1', '1', '1', '1', '1', '1', '1', '1', '1', '1', '1', '1', '1', '1', '1', '1', '1', '1', '1', 'admin', sysdate, 'admin', sysdate, '1');
INSERT INTO T_BAS_MONTH_CALENDAR (ID, WORK_MONTH, DAY1, DAY2, DAY3, DAY4, DAY5, DAY6, DAY7, DAY8, DAY9, DAY10, DAY11, DAY12, DAY13, DAY14, DAY15, DAY16, DAY17, DAY18, DAY19, DAY20, DAY21, DAY22, DAY23, DAY24, DAY25, DAY26, DAY27, DAY28, DAY29, DAY30, DAY31, CREATE_USER_CODE, CREATE_TIME, MODIFY_USER_CODE, MODIFY_TIME, ORG_CODE) VALUES ('b996d14f-8770-409b-b892-bb22c48048e8', '201608', '1', '1', '1', '1', '1', '1', '1', '1', '1', '1', '1', '1', '1', '1', '1', '1', '1', '1', '1', '1', '1', '1', '1', '1', '1', '1', '1', '1', '1', '1', '1', 'admin', sysdate, 'admin', sysdate, '1');
INSERT INTO T_BAS_MONTH_CALENDAR (ID, WORK_MONTH, DAY1, DAY2, DAY3, DAY4, DAY5, DAY6, DAY7, DAY8, DAY9, DAY10, DAY11, DAY12, DAY13, DAY14, DAY15, DAY16, DAY17, DAY18, DAY19, DAY20, DAY21, DAY22, DAY23, DAY24, DAY25, DAY26, DAY27, DAY28, DAY29, DAY30, DAY31, CREATE_USER_CODE, CREATE_TIME, MODIFY_USER_CODE, MODIFY_TIME, ORG_CODE) VALUES ('4215dbcd-1940-4f25-8d2a-9648c1d02a35', '201609', '1', '1', '1', '1', '1', '1', '1', '1', '1', '1', '1', '1', '1', '1', '1', '1', '1', '1', '1', '1', '1', '1', '1', '1', '1', '1', '1', '1', '1', '1', null, 'admin', sysdate, 'admin', sysdate, '1');
INSERT INTO T_BAS_MONTH_CALENDAR (ID, WORK_MONTH, DAY1, DAY2, DAY3, DAY4, DAY5, DAY6, DAY7, DAY8, DAY9, DAY10, DAY11, DAY12, DAY13, DAY14, DAY15, DAY16, DAY17, DAY18, DAY19, DAY20, DAY21, DAY22, DAY23, DAY24, DAY25, DAY26, DAY27, DAY28, DAY29, DAY30, DAY31, CREATE_USER_CODE, CREATE_TIME, MODIFY_USER_CODE, MODIFY_TIME, ORG_CODE) VALUES ('385f5992-2138-4352-bd5d-a1e91c1953c3', '201610', '1', '1', '1', '1', '1', '1', '1', '1', '1', '1', '1', '1', '1', '1', '1', '1', '1', '1', '1', '1', '1', '1', '1', '1', '1', '1', '1', '1', '1', '1', '1', 'admin', sysdate, 'admin', sysdate, '1');
INSERT INTO T_BAS_MONTH_CALENDAR (ID, WORK_MONTH, DAY1, DAY2, DAY3, DAY4, DAY5, DAY6, DAY7, DAY8, DAY9, DAY10, DAY11, DAY12, DAY13, DAY14, DAY15, DAY16, DAY17, DAY18, DAY19, DAY20, DAY21, DAY22, DAY23, DAY24, DAY25, DAY26, DAY27, DAY28, DAY29, DAY30, DAY31, CREATE_USER_CODE, CREATE_TIME, MODIFY_USER_CODE, MODIFY_TIME, ORG_CODE) VALUES ('9bd65115-44fc-459d-839e-9d788c05d9d7', '201611', '1', '1', '1', '1', '1', '1', '1', '1', '1', '1', '1', '1', '1', '1', '1', '1', '1', '1', '1', '1', '1', '1', '1', '1', '1', '1', '1', '1', '1', '1', null, 'admin', sysdate, 'admin', sysdate, '1');
INSERT INTO T_BAS_MONTH_CALENDAR (ID, WORK_MONTH, DAY1, DAY2, DAY3, DAY4, DAY5, DAY6, DAY7, DAY8, DAY9, DAY10, DAY11, DAY12, DAY13, DAY14, DAY15, DAY16, DAY17, DAY18, DAY19, DAY20, DAY21, DAY22, DAY23, DAY24, DAY25, DAY26, DAY27, DAY28, DAY29, DAY30, DAY31, CREATE_USER_CODE, CREATE_TIME, MODIFY_USER_CODE, MODIFY_TIME, ORG_CODE) VALUES ('9e915fa5-e4d4-43dd-994e-0f392400e194', '201612', '1', '1', '1', '1', '1', '1', '1', '1', '1', '1', '1', '1', '1', '1', '1', '1', '1', '1', '1', '1', '1', '1', '1', '1', '1', '1', '1', '1', '1', '1', '1', 'admin', sysdate, 'admin', sysdate, '1');
INSERT INTO T_BAS_MONTH_CALENDAR (ID, WORK_MONTH, DAY1, DAY2, DAY3, DAY4, DAY5, DAY6, DAY7, DAY8, DAY9, DAY10, DAY11, DAY12, DAY13, DAY14, DAY15, DAY16, DAY17, DAY18, DAY19, DAY20, DAY21, DAY22, DAY23, DAY24, DAY25, DAY26, DAY27, DAY28, DAY29, DAY30, DAY31, CREATE_USER_CODE, CREATE_TIME, MODIFY_USER_CODE, MODIFY_TIME, ORG_CODE) VALUES ('2ab0a034-4ea2-4774-b1de-7dfd8e693344', '201701', '1', '1', '1', '1', '1', '1', '1', '1', '1', '1', '1', '1', '1', '1', '1', '1', '1', '1', '1', '1', '1', '1', '1', '1', '1', '1', '1', '1', '1', '1', '1', 'admin', sysdate, 'admin', sysdate, '1');
INSERT INTO T_BAS_MONTH_CALENDAR (ID, WORK_MONTH, DAY1, DAY2, DAY3, DAY4, DAY5, DAY6, DAY7, DAY8, DAY9, DAY10, DAY11, DAY12, DAY13, DAY14, DAY15, DAY16, DAY17, DAY18, DAY19, DAY20, DAY21, DAY22, DAY23, DAY24, DAY25, DAY26, DAY27, DAY28, DAY29, DAY30, DAY31, CREATE_USER_CODE, CREATE_TIME, MODIFY_USER_CODE, MODIFY_TIME, ORG_CODE) VALUES ('af7169ea-e746-499c-8ddd-778c565f3346', '201702', '1', '1', '1', '1', '1', '1', '1', '1', '1', '1', '1', '1', '1', '1', '1', '1', '1', '1', '1', '1', '1', '1', '1', '1', '1', '1', '1', '1', null, null, null, 'admin', sysdate, 'admin', sysdate, '1');
INSERT INTO T_BAS_MONTH_CALENDAR (ID, WORK_MONTH, DAY1, DAY2, DAY3, DAY4, DAY5, DAY6, DAY7, DAY8, DAY9, DAY10, DAY11, DAY12, DAY13, DAY14, DAY15, DAY16, DAY17, DAY18, DAY19, DAY20, DAY21, DAY22, DAY23, DAY24, DAY25, DAY26, DAY27, DAY28, DAY29, DAY30, DAY31, CREATE_USER_CODE, CREATE_TIME, MODIFY_USER_CODE, MODIFY_TIME, ORG_CODE) VALUES ('8c93a6f3-5614-41c2-be0a-f716d71b7baa', '201703', '1', '1', '1', '1', '1', '1', '1', '1', '1', '1', '1', '1', '1', '1', '1', '1', '1', '1', '1', '1', '1', '1', '1', '1', '1', '1', '1', '1', '1', '1', '1', 'admin', sysdate, 'admin', sysdate, '1');
INSERT INTO T_BAS_MONTH_CALENDAR (ID, WORK_MONTH, DAY1, DAY2, DAY3, DAY4, DAY5, DAY6, DAY7, DAY8, DAY9, DAY10, DAY11, DAY12, DAY13, DAY14, DAY15, DAY16, DAY17, DAY18, DAY19, DAY20, DAY21, DAY22, DAY23, DAY24, DAY25, DAY26, DAY27, DAY28, DAY29, DAY30, DAY31, CREATE_USER_CODE, CREATE_TIME, MODIFY_USER_CODE, MODIFY_TIME, ORG_CODE) VALUES ('ea9f2954-a14f-4449-a2e9-62a541cc76be', '201704', '1', '1', '1', '1', '1', '1', '1', '1', '1', '1', '1', '1', '1', '1', '1', '1', '1', '1', '1', '1', '1', '1', '1', '1', '1', '1', '1', '1', '1', '1', null, 'admin', sysdate, 'admin', sysdate, '1');
INSERT INTO T_BAS_MONTH_CALENDAR (ID, WORK_MONTH, DAY1, DAY2, DAY3, DAY4, DAY5, DAY6, DAY7, DAY8, DAY9, DAY10, DAY11, DAY12, DAY13, DAY14, DAY15, DAY16, DAY17, DAY18, DAY19, DAY20, DAY21, DAY22, DAY23, DAY24, DAY25, DAY26, DAY27, DAY28, DAY29, DAY30, DAY31, CREATE_USER_CODE, CREATE_TIME, MODIFY_USER_CODE, MODIFY_TIME, ORG_CODE) VALUES ('4ad80875-cb8b-4ad5-bac9-e451b4a9b25d', '201705', '1', '1', '1', '1', '1', '1', '1', '1', '1', '1', '1', '1', '1', '1', '1', '1', '1', '1', '1', '1', '1', '1', '1', '1', '1', '1', '1', '1', '1', '1', '1', 'admin', sysdate, 'admin', sysdate, '1');
INSERT INTO T_BAS_MONTH_CALENDAR (ID, WORK_MONTH, DAY1, DAY2, DAY3, DAY4, DAY5, DAY6, DAY7, DAY8, DAY9, DAY10, DAY11, DAY12, DAY13, DAY14, DAY15, DAY16, DAY17, DAY18, DAY19, DAY20, DAY21, DAY22, DAY23, DAY24, DAY25, DAY26, DAY27, DAY28, DAY29, DAY30, DAY31, CREATE_USER_CODE, CREATE_TIME, MODIFY_USER_CODE, MODIFY_TIME, ORG_CODE) VALUES ('f0318bfd-8ef2-45b8-9941-627771cccec5', '201706', '1', '1', '1', '1', '1', '1', '1', '1', '1', '1', '1', '1', '1', '1', '1', '1', '1', '1', '1', '1', '1', '1', '1', '1', '1', '1', '1', '1', '1', '1', null, 'admin', sysdate, 'admin', sysdate, '1');
INSERT INTO T_BAS_MONTH_CALENDAR (ID, WORK_MONTH, DAY1, DAY2, DAY3, DAY4, DAY5, DAY6, DAY7, DAY8, DAY9, DAY10, DAY11, DAY12, DAY13, DAY14, DAY15, DAY16, DAY17, DAY18, DAY19, DAY20, DAY21, DAY22, DAY23, DAY24, DAY25, DAY26, DAY27, DAY28, DAY29, DAY30, DAY31, CREATE_USER_CODE, CREATE_TIME, MODIFY_USER_CODE, MODIFY_TIME, ORG_CODE) VALUES ('e8c02998-3409-456e-93de-d43bf404df70', '201707', '1', '1', '1', '1', '1', '1', '1', '1', '1', '1', '1', '1', '1', '1', '1', '1', '1', '1', '1', '1', '1', '1', '1', '1', '1', '1', '1', '1', '1', '1', '1', 'admin', sysdate, 'admin', sysdate, '1');
INSERT INTO T_BAS_MONTH_CALENDAR (ID, WORK_MONTH, DAY1, DAY2, DAY3, DAY4, DAY5, DAY6, DAY7, DAY8, DAY9, DAY10, DAY11, DAY12, DAY13, DAY14, DAY15, DAY16, DAY17, DAY18, DAY19, DAY20, DAY21, DAY22, DAY23, DAY24, DAY25, DAY26, DAY27, DAY28, DAY29, DAY30, DAY31, CREATE_USER_CODE, CREATE_TIME, MODIFY_USER_CODE, MODIFY_TIME, ORG_CODE) VALUES ('6370c4ba-ab31-407b-8eaa-04c6628c50d9', '201708', '1', '1', '1', '1', '1', '1', '1', '1', '1', '1', '1', '1', '1', '1', '1', '1', '1', '1', '1', '1', '1', '1', '1', '1', '1', '1', '1', '1', '1', '1', '1', 'admin', sysdate, 'admin', sysdate, '1');
INSERT INTO T_BAS_MONTH_CALENDAR (ID, WORK_MONTH, DAY1, DAY2, DAY3, DAY4, DAY5, DAY6, DAY7, DAY8, DAY9, DAY10, DAY11, DAY12, DAY13, DAY14, DAY15, DAY16, DAY17, DAY18, DAY19, DAY20, DAY21, DAY22, DAY23, DAY24, DAY25, DAY26, DAY27, DAY28, DAY29, DAY30, DAY31, CREATE_USER_CODE, CREATE_TIME, MODIFY_USER_CODE, MODIFY_TIME, ORG_CODE) VALUES ('e80ccf06-aba9-42b6-b969-b2754a3e512c', '201709', '1', '1', '1', '1', '1', '1', '1', '1', '1', '1', '1', '1', '1', '1', '1', '1', '1', '1', '1', '1', '1', '1', '1', '1', '1', '1', '1', '1', '1', '1', null, 'admin', sysdate, 'admin', sysdate, '1');
INSERT INTO T_BAS_MONTH_CALENDAR (ID, WORK_MONTH, DAY1, DAY2, DAY3, DAY4, DAY5, DAY6, DAY7, DAY8, DAY9, DAY10, DAY11, DAY12, DAY13, DAY14, DAY15, DAY16, DAY17, DAY18, DAY19, DAY20, DAY21, DAY22, DAY23, DAY24, DAY25, DAY26, DAY27, DAY28, DAY29, DAY30, DAY31, CREATE_USER_CODE, CREATE_TIME, MODIFY_USER_CODE, MODIFY_TIME, ORG_CODE) VALUES ('c5738bf4-feb3-430b-8858-20c104db90f4', '201710', '1', '1', '1', '1', '1', '1', '1', '1', '1', '1', '1', '1', '1', '1', '1', '1', '1', '1', '1', '1', '1', '1', '1', '1', '1', '1', '1', '1', '1', '1', '1', 'admin', sysdate, 'admin', sysdate, '1');
INSERT INTO T_BAS_MONTH_CALENDAR (ID, WORK_MONTH, DAY1, DAY2, DAY3, DAY4, DAY5, DAY6, DAY7, DAY8, DAY9, DAY10, DAY11, DAY12, DAY13, DAY14, DAY15, DAY16, DAY17, DAY18, DAY19, DAY20, DAY21, DAY22, DAY23, DAY24, DAY25, DAY26, DAY27, DAY28, DAY29, DAY30, DAY31, CREATE_USER_CODE, CREATE_TIME, MODIFY_USER_CODE, MODIFY_TIME, ORG_CODE) VALUES ('096b87b3-7483-4f87-bb26-b45e476a69aa', '201711', '1', '1', '1', '1', '1', '1', '1', '1', '1', '1', '1', '1', '1', '1', '1', '1', '1', '1', '1', '1', '1', '1', '1', '1', '1', '1', '1', '1', '1', '1', null, 'admin', sysdate, 'admin', sysdate, '1');
INSERT INTO T_BAS_MONTH_CALENDAR (ID, WORK_MONTH, DAY1, DAY2, DAY3, DAY4, DAY5, DAY6, DAY7, DAY8, DAY9, DAY10, DAY11, DAY12, DAY13, DAY14, DAY15, DAY16, DAY17, DAY18, DAY19, DAY20, DAY21, DAY22, DAY23, DAY24, DAY25, DAY26, DAY27, DAY28, DAY29, DAY30, DAY31, CREATE_USER_CODE, CREATE_TIME, MODIFY_USER_CODE, MODIFY_TIME, ORG_CODE) VALUES ('81c5b9d3-b3a6-4a0e-bc9e-1094694e1787', '201712', '1', '1', '1', '1', '1', '1', '1', '1', '1', '1', '1', '1', '1', '1', '1', '1', '1', '1', '1', '1', '1', '1', '1', '1', '1', '1', '1', '1', '1', '1', '1', 'admin', sysdate, 'admin', sysdate, '1');
INSERT INTO T_BAS_MONTH_CALENDAR (ID, WORK_MONTH, DAY1, DAY2, DAY3, DAY4, DAY5, DAY6, DAY7, DAY8, DAY9, DAY10, DAY11, DAY12, DAY13, DAY14, DAY15, DAY16, DAY17, DAY18, DAY19, DAY20, DAY21, DAY22, DAY23, DAY24, DAY25, DAY26, DAY27, DAY28, DAY29, DAY30, DAY31, CREATE_USER_CODE, CREATE_TIME, MODIFY_USER_CODE, MODIFY_TIME, ORG_CODE) VALUES ('01efb0e5-2da8-4cfc-a199-eb149134de50', '201801', '1', '1', '1', '1', '1', '1', '1', '1', '1', '1', '1', '1', '1', '1', '1', '1', '1', '1', '1', '1', '1', '1', '1', '1', '1', '1', '1', '1', '1', '1', '1', 'admin', sysdate, 'admin', sysdate, '1');
INSERT INTO T_BAS_MONTH_CALENDAR (ID, WORK_MONTH, DAY1, DAY2, DAY3, DAY4, DAY5, DAY6, DAY7, DAY8, DAY9, DAY10, DAY11, DAY12, DAY13, DAY14, DAY15, DAY16, DAY17, DAY18, DAY19, DAY20, DAY21, DAY22, DAY23, DAY24, DAY25, DAY26, DAY27, DAY28, DAY29, DAY30, DAY31, CREATE_USER_CODE, CREATE_TIME, MODIFY_USER_CODE, MODIFY_TIME, ORG_CODE) VALUES ('137938e4-22a7-41d5-9f3a-9a4cc4aeb6d3', '201802', '1', '1', '1', '1', '1', '1', '1', '1', '1', '1', '1', '1', '1', '1', '1', '1', '1', '1', '1', '1', '1', '1', '1', '1', '1', '1', '1', '1', null, null, null, 'admin', sysdate, 'admin', sysdate, '1');
INSERT INTO T_BAS_MONTH_CALENDAR (ID, WORK_MONTH, DAY1, DAY2, DAY3, DAY4, DAY5, DAY6, DAY7, DAY8, DAY9, DAY10, DAY11, DAY12, DAY13, DAY14, DAY15, DAY16, DAY17, DAY18, DAY19, DAY20, DAY21, DAY22, DAY23, DAY24, DAY25, DAY26, DAY27, DAY28, DAY29, DAY30, DAY31, CREATE_USER_CODE, CREATE_TIME, MODIFY_USER_CODE, MODIFY_TIME, ORG_CODE) VALUES ('5c0cfd4e-9356-4466-ab2a-ccbebc55732f', '201803', '1', '1', '1', '1', '1', '1', '1', '1', '1', '1', '1', '1', '1', '1', '1', '1', '1', '1', '1', '1', '1', '1', '1', '1', '1', '1', '1', '1', '1', '1', '1', 'admin', sysdate, 'admin', sysdate, '1');
INSERT INTO T_BAS_MONTH_CALENDAR (ID, WORK_MONTH, DAY1, DAY2, DAY3, DAY4, DAY5, DAY6, DAY7, DAY8, DAY9, DAY10, DAY11, DAY12, DAY13, DAY14, DAY15, DAY16, DAY17, DAY18, DAY19, DAY20, DAY21, DAY22, DAY23, DAY24, DAY25, DAY26, DAY27, DAY28, DAY29, DAY30, DAY31, CREATE_USER_CODE, CREATE_TIME, MODIFY_USER_CODE, MODIFY_TIME, ORG_CODE) VALUES ('310f4391-a26b-4b38-9c3b-8050d6b86d78', '201804', '1', '1', '1', '1', '1', '1', '1', '1', '1', '1', '1', '1', '1', '1', '1', '1', '1', '1', '1', '1', '1', '1', '1', '1', '1', '1', '1', '1', '1', '1', null, 'admin', sysdate, 'admin', sysdate, '1');
INSERT INTO T_BAS_MONTH_CALENDAR (ID, WORK_MONTH, DAY1, DAY2, DAY3, DAY4, DAY5, DAY6, DAY7, DAY8, DAY9, DAY10, DAY11, DAY12, DAY13, DAY14, DAY15, DAY16, DAY17, DAY18, DAY19, DAY20, DAY21, DAY22, DAY23, DAY24, DAY25, DAY26, DAY27, DAY28, DAY29, DAY30, DAY31, CREATE_USER_CODE, CREATE_TIME, MODIFY_USER_CODE, MODIFY_TIME, ORG_CODE) VALUES ('1622ee65-5a25-41ea-bd96-b2d593eb879c', '201805', '1', '1', '1', '1', '1', '1', '1', '1', '1', '1', '1', '1', '1', '1', '1', '1', '1', '1', '1', '1', '1', '1', '1', '1', '1', '1', '1', '1', '1', '1', '1', 'admin', sysdate, 'admin', sysdate, '1');
INSERT INTO T_BAS_MONTH_CALENDAR (ID, WORK_MONTH, DAY1, DAY2, DAY3, DAY4, DAY5, DAY6, DAY7, DAY8, DAY9, DAY10, DAY11, DAY12, DAY13, DAY14, DAY15, DAY16, DAY17, DAY18, DAY19, DAY20, DAY21, DAY22, DAY23, DAY24, DAY25, DAY26, DAY27, DAY28, DAY29, DAY30, DAY31, CREATE_USER_CODE, CREATE_TIME, MODIFY_USER_CODE, MODIFY_TIME, ORG_CODE) VALUES ('0703f1f2-d4bf-471b-b774-8f1845c7f1db', '201806', '1', '1', '1', '1', '1', '1', '1', '1', '1', '1', '1', '1', '1', '1', '1', '1', '1', '1', '1', '1', '1', '1', '1', '1', '1', '1', '1', '1', '1', '1', null, 'admin', sysdate, 'admin', sysdate, '1');
INSERT INTO T_BAS_MONTH_CALENDAR (ID, WORK_MONTH, DAY1, DAY2, DAY3, DAY4, DAY5, DAY6, DAY7, DAY8, DAY9, DAY10, DAY11, DAY12, DAY13, DAY14, DAY15, DAY16, DAY17, DAY18, DAY19, DAY20, DAY21, DAY22, DAY23, DAY24, DAY25, DAY26, DAY27, DAY28, DAY29, DAY30, DAY31, CREATE_USER_CODE, CREATE_TIME, MODIFY_USER_CODE, MODIFY_TIME, ORG_CODE) VALUES ('65e6aa4c-6a0e-41b4-8227-48fba17bc813', '201807', '1', '1', '1', '1', '1', '1', '1', '1', '1', '1', '1', '1', '1', '1', '1', '1', '1', '1', '1', '1', '1', '1', '1', '1', '1', '1', '1', '1', '1', '1', '1', 'admin', sysdate, 'admin', sysdate, '1');
INSERT INTO T_BAS_MONTH_CALENDAR (ID, WORK_MONTH, DAY1, DAY2, DAY3, DAY4, DAY5, DAY6, DAY7, DAY8, DAY9, DAY10, DAY11, DAY12, DAY13, DAY14, DAY15, DAY16, DAY17, DAY18, DAY19, DAY20, DAY21, DAY22, DAY23, DAY24, DAY25, DAY26, DAY27, DAY28, DAY29, DAY30, DAY31, CREATE_USER_CODE, CREATE_TIME, MODIFY_USER_CODE, MODIFY_TIME, ORG_CODE) VALUES ('2a67ffc3-ffa3-4abc-9bce-57b06e2ed671', '201808', '1', '1', '1', '1', '1', '1', '1', '1', '1', '1', '1', '1', '1', '1', '1', '1', '1', '1', '1', '1', '1', '1', '1', '1', '1', '1', '1', '1', '1', '1', '1', 'admin', sysdate, 'admin', sysdate, '1');
INSERT INTO T_BAS_MONTH_CALENDAR (ID, WORK_MONTH, DAY1, DAY2, DAY3, DAY4, DAY5, DAY6, DAY7, DAY8, DAY9, DAY10, DAY11, DAY12, DAY13, DAY14, DAY15, DAY16, DAY17, DAY18, DAY19, DAY20, DAY21, DAY22, DAY23, DAY24, DAY25, DAY26, DAY27, DAY28, DAY29, DAY30, DAY31, CREATE_USER_CODE, CREATE_TIME, MODIFY_USER_CODE, MODIFY_TIME, ORG_CODE) VALUES ('3d277e44-79d1-426e-be65-22b6e6e2eb5a', '201809', '1', '1', '1', '1', '1', '1', '1', '1', '1', '1', '1', '1', '1', '1', '1', '1', '1', '1', '1', '1', '1', '1', '1', '1', '1', '1', '1', '1', '1', '1', null, 'admin', sysdate, 'admin', sysdate, '1');
INSERT INTO T_BAS_MONTH_CALENDAR (ID, WORK_MONTH, DAY1, DAY2, DAY3, DAY4, DAY5, DAY6, DAY7, DAY8, DAY9, DAY10, DAY11, DAY12, DAY13, DAY14, DAY15, DAY16, DAY17, DAY18, DAY19, DAY20, DAY21, DAY22, DAY23, DAY24, DAY25, DAY26, DAY27, DAY28, DAY29, DAY30, DAY31, CREATE_USER_CODE, CREATE_TIME, MODIFY_USER_CODE, MODIFY_TIME, ORG_CODE) VALUES ('6eab3954-5339-406e-916d-43dede802770', '201810', '1', '1', '1', '1', '1', '1', '1', '1', '1', '1', '1', '1', '1', '1', '1', '1', '1', '1', '1', '1', '1', '1', '1', '1', '1', '1', '1', '1', '1', '1', '1', 'admin', sysdate, 'admin', sysdate, '1');
INSERT INTO T_BAS_MONTH_CALENDAR (ID, WORK_MONTH, DAY1, DAY2, DAY3, DAY4, DAY5, DAY6, DAY7, DAY8, DAY9, DAY10, DAY11, DAY12, DAY13, DAY14, DAY15, DAY16, DAY17, DAY18, DAY19, DAY20, DAY21, DAY22, DAY23, DAY24, DAY25, DAY26, DAY27, DAY28, DAY29, DAY30, DAY31, CREATE_USER_CODE, CREATE_TIME, MODIFY_USER_CODE, MODIFY_TIME, ORG_CODE) VALUES ('fc6e5bb4-8f47-4d56-9a09-5f9e05289edb', '201811', '1', '1', '1', '1', '1', '1', '1', '1', '1', '1', '1', '1', '1', '1', '1', '1', '1', '1', '1', '1', '1', '1', '1', '1', '1', '1', '1', '1', '1', '1', null, 'admin', sysdate, 'admin', sysdate, '1');
INSERT INTO T_BAS_MONTH_CALENDAR (ID, WORK_MONTH, DAY1, DAY2, DAY3, DAY4, DAY5, DAY6, DAY7, DAY8, DAY9, DAY10, DAY11, DAY12, DAY13, DAY14, DAY15, DAY16, DAY17, DAY18, DAY19, DAY20, DAY21, DAY22, DAY23, DAY24, DAY25, DAY26, DAY27, DAY28, DAY29, DAY30, DAY31, CREATE_USER_CODE, CREATE_TIME, MODIFY_USER_CODE, MODIFY_TIME, ORG_CODE) VALUES ('38d9864a-1824-4850-b137-eefca595fe7d', '201812', '1', '1', '1', '1', '1', '1', '1', '1', '1', '1', '1', '1', '1', '1', '1', '1', '1', '1', '1', '1', '1', '1', '1', '1', '1', '1', '1', '1', '1', '1', '1', 'admin', sysdate, 'admin', sysdate, '1');
INSERT INTO T_BAS_MONTH_CALENDAR (ID, WORK_MONTH, DAY1, DAY2, DAY3, DAY4, DAY5, DAY6, DAY7, DAY8, DAY9, DAY10, DAY11, DAY12, DAY13, DAY14, DAY15, DAY16, DAY17, DAY18, DAY19, DAY20, DAY21, DAY22, DAY23, DAY24, DAY25, DAY26, DAY27, DAY28, DAY29, DAY30, DAY31, CREATE_USER_CODE, CREATE_TIME, MODIFY_USER_CODE, MODIFY_TIME, ORG_CODE) VALUES ('4ca2d025-998c-4ee9-8ef4-1c63192be685', '201901', '1', '1', '1', '1', '1', '1', '1', '1', '1', '1', '1', '1', '1', '1', '1', '1', '1', '1', '1', '1', '1', '1', '1', '1', '1', '1', '1', '1', '1', '1', '1', 'admin', sysdate, 'admin', sysdate, '1');
INSERT INTO T_BAS_MONTH_CALENDAR (ID, WORK_MONTH, DAY1, DAY2, DAY3, DAY4, DAY5, DAY6, DAY7, DAY8, DAY9, DAY10, DAY11, DAY12, DAY13, DAY14, DAY15, DAY16, DAY17, DAY18, DAY19, DAY20, DAY21, DAY22, DAY23, DAY24, DAY25, DAY26, DAY27, DAY28, DAY29, DAY30, DAY31, CREATE_USER_CODE, CREATE_TIME, MODIFY_USER_CODE, MODIFY_TIME, ORG_CODE) VALUES ('2bdefea8-53ae-42e8-98f6-1ffde77e5c97', '201902', '1', '1', '1', '1', '1', '1', '1', '1', '1', '1', '1', '1', '1', '1', '1', '1', '1', '1', '1', '1', '1', '1', '1', '1', '1', '1', '1', '1', null, null, null, 'admin', sysdate, 'admin', sysdate, '1');
INSERT INTO T_BAS_MONTH_CALENDAR (ID, WORK_MONTH, DAY1, DAY2, DAY3, DAY4, DAY5, DAY6, DAY7, DAY8, DAY9, DAY10, DAY11, DAY12, DAY13, DAY14, DAY15, DAY16, DAY17, DAY18, DAY19, DAY20, DAY21, DAY22, DAY23, DAY24, DAY25, DAY26, DAY27, DAY28, DAY29, DAY30, DAY31, CREATE_USER_CODE, CREATE_TIME, MODIFY_USER_CODE, MODIFY_TIME, ORG_CODE) VALUES ('d6bceadb-e42e-4827-bfcf-e302c392a0e4', '201903', '1', '1', '1', '1', '1', '1', '1', '1', '1', '1', '1', '1', '1', '1', '1', '1', '1', '1', '1', '1', '1', '1', '1', '1', '1', '1', '1', '1', '1', '1', '1', 'admin', sysdate, 'admin', sysdate, '1');
INSERT INTO T_BAS_MONTH_CALENDAR (ID, WORK_MONTH, DAY1, DAY2, DAY3, DAY4, DAY5, DAY6, DAY7, DAY8, DAY9, DAY10, DAY11, DAY12, DAY13, DAY14, DAY15, DAY16, DAY17, DAY18, DAY19, DAY20, DAY21, DAY22, DAY23, DAY24, DAY25, DAY26, DAY27, DAY28, DAY29, DAY30, DAY31, CREATE_USER_CODE, CREATE_TIME, MODIFY_USER_CODE, MODIFY_TIME, ORG_CODE) VALUES ('ddc129cf-868c-4ea3-b084-6413e39377d3', '201904', '1', '1', '1', '1', '1', '1', '1', '1', '1', '1', '1', '1', '1', '1', '1', '1', '1', '1', '1', '1', '1', '1', '1', '1', '1', '1', '1', '1', '1', '1', null, 'admin', sysdate, 'admin', sysdate, '1');
INSERT INTO T_BAS_MONTH_CALENDAR (ID, WORK_MONTH, DAY1, DAY2, DAY3, DAY4, DAY5, DAY6, DAY7, DAY8, DAY9, DAY10, DAY11, DAY12, DAY13, DAY14, DAY15, DAY16, DAY17, DAY18, DAY19, DAY20, DAY21, DAY22, DAY23, DAY24, DAY25, DAY26, DAY27, DAY28, DAY29, DAY30, DAY31, CREATE_USER_CODE, CREATE_TIME, MODIFY_USER_CODE, MODIFY_TIME, ORG_CODE) VALUES ('b193d6b0-16eb-4eae-8165-dc7081ee5326', '201905', '1', '1', '1', '1', '1', '1', '1', '1', '1', '1', '1', '1', '1', '1', '1', '1', '1', '1', '1', '1', '1', '1', '1', '1', '1', '1', '1', '1', '1', '1', '1', 'admin', sysdate, 'admin', sysdate, '1');
INSERT INTO T_BAS_MONTH_CALENDAR (ID, WORK_MONTH, DAY1, DAY2, DAY3, DAY4, DAY5, DAY6, DAY7, DAY8, DAY9, DAY10, DAY11, DAY12, DAY13, DAY14, DAY15, DAY16, DAY17, DAY18, DAY19, DAY20, DAY21, DAY22, DAY23, DAY24, DAY25, DAY26, DAY27, DAY28, DAY29, DAY30, DAY31, CREATE_USER_CODE, CREATE_TIME, MODIFY_USER_CODE, MODIFY_TIME, ORG_CODE) VALUES ('cdae97ac-f834-4a20-bd5c-4e7bbc240fda', '201906', '1', '1', '1', '1', '1', '1', '1', '1', '1', '1', '1', '1', '1', '1', '1', '1', '1', '1', '1', '1', '1', '1', '1', '1', '1', '1', '1', '1', '1', '1', null, 'admin', sysdate, 'admin', sysdate, '1');
INSERT INTO T_BAS_MONTH_CALENDAR (ID, WORK_MONTH, DAY1, DAY2, DAY3, DAY4, DAY5, DAY6, DAY7, DAY8, DAY9, DAY10, DAY11, DAY12, DAY13, DAY14, DAY15, DAY16, DAY17, DAY18, DAY19, DAY20, DAY21, DAY22, DAY23, DAY24, DAY25, DAY26, DAY27, DAY28, DAY29, DAY30, DAY31, CREATE_USER_CODE, CREATE_TIME, MODIFY_USER_CODE, MODIFY_TIME, ORG_CODE) VALUES ('e04d8765-96ad-4c1a-b76f-bedd5d4fee9c', '201907', '1', '1', '1', '1', '1', '1', '1', '1', '1', '1', '1', '1', '1', '1', '1', '1', '1', '1', '1', '1', '1', '1', '1', '1', '1', '1', '1', '1', '1', '1', '1', 'admin', sysdate, 'admin', sysdate, '1');
INSERT INTO T_BAS_MONTH_CALENDAR (ID, WORK_MONTH, DAY1, DAY2, DAY3, DAY4, DAY5, DAY6, DAY7, DAY8, DAY9, DAY10, DAY11, DAY12, DAY13, DAY14, DAY15, DAY16, DAY17, DAY18, DAY19, DAY20, DAY21, DAY22, DAY23, DAY24, DAY25, DAY26, DAY27, DAY28, DAY29, DAY30, DAY31, CREATE_USER_CODE, CREATE_TIME, MODIFY_USER_CODE, MODIFY_TIME, ORG_CODE) VALUES ('cbde3b9a-4d94-469c-bd65-3072db2cacc2', '201908', '1', '1', '1', '1', '1', '1', '1', '1', '1', '1', '1', '1', '1', '1', '1', '1', '1', '1', '1', '1', '1', '1', '1', '1', '1', '1', '1', '1', '1', '1', '1', 'admin', sysdate, 'admin', sysdate, '1');
INSERT INTO T_BAS_MONTH_CALENDAR (ID, WORK_MONTH, DAY1, DAY2, DAY3, DAY4, DAY5, DAY6, DAY7, DAY8, DAY9, DAY10, DAY11, DAY12, DAY13, DAY14, DAY15, DAY16, DAY17, DAY18, DAY19, DAY20, DAY21, DAY22, DAY23, DAY24, DAY25, DAY26, DAY27, DAY28, DAY29, DAY30, DAY31, CREATE_USER_CODE, CREATE_TIME, MODIFY_USER_CODE, MODIFY_TIME, ORG_CODE) VALUES ('9652d26c-79a1-422c-b10b-2dcea45e61e6', '201909', '1', '1', '1', '1', '1', '1', '1', '1', '1', '1', '1', '1', '1', '1', '1', '1', '1', '1', '1', '1', '1', '1', '1', '1', '1', '1', '1', '1', '1', '1', null, 'admin', sysdate, 'admin', sysdate, '1');
INSERT INTO T_BAS_MONTH_CALENDAR (ID, WORK_MONTH, DAY1, DAY2, DAY3, DAY4, DAY5, DAY6, DAY7, DAY8, DAY9, DAY10, DAY11, DAY12, DAY13, DAY14, DAY15, DAY16, DAY17, DAY18, DAY19, DAY20, DAY21, DAY22, DAY23, DAY24, DAY25, DAY26, DAY27, DAY28, DAY29, DAY30, DAY31, CREATE_USER_CODE, CREATE_TIME, MODIFY_USER_CODE, MODIFY_TIME, ORG_CODE) VALUES ('7069cf4d-0b18-42a6-ae2a-3f9bc5fefce9', '201910', '1', '1', '1', '1', '1', '1', '1', '1', '1', '1', '1', '1', '1', '1', '1', '1', '1', '1', '1', '1', '1', '1', '1', '1', '1', '1', '1', '1', '1', '1', '1', 'admin', sysdate, 'admin', sysdate, '1');
INSERT INTO T_BAS_MONTH_CALENDAR (ID, WORK_MONTH, DAY1, DAY2, DAY3, DAY4, DAY5, DAY6, DAY7, DAY8, DAY9, DAY10, DAY11, DAY12, DAY13, DAY14, DAY15, DAY16, DAY17, DAY18, DAY19, DAY20, DAY21, DAY22, DAY23, DAY24, DAY25, DAY26, DAY27, DAY28, DAY29, DAY30, DAY31, CREATE_USER_CODE, CREATE_TIME, MODIFY_USER_CODE, MODIFY_TIME, ORG_CODE) VALUES ('9594915c-f92d-40ea-af28-6a3e1e213a3b', '201911', '1', '1', '1', '1', '1', '1', '1', '1', '1', '1', '1', '1', '1', '1', '1', '1', '1', '1', '1', '1', '1', '1', '1', '1', '1', '1', '1', '1', '1', '1', null, 'admin', sysdate, 'admin', sysdate, '1');
INSERT INTO T_BAS_MONTH_CALENDAR (ID, WORK_MONTH, DAY1, DAY2, DAY3, DAY4, DAY5, DAY6, DAY7, DAY8, DAY9, DAY10, DAY11, DAY12, DAY13, DAY14, DAY15, DAY16, DAY17, DAY18, DAY19, DAY20, DAY21, DAY22, DAY23, DAY24, DAY25, DAY26, DAY27, DAY28, DAY29, DAY30, DAY31, CREATE_USER_CODE, CREATE_TIME, MODIFY_USER_CODE, MODIFY_TIME, ORG_CODE) VALUES ('a3169ce4-c5ce-43a1-8904-56b8d74a1597', '201912', '1', '1', '1', '1', '1', '1', '1', '1', '1', '1', '1', '1', '1', '1', '1', '1', '1', '1', '1', '1', '1', '1', '1', '1', '1', '1', '1', '1', '1', '1', '1', 'admin', sysdate, 'admin', sysdate, '1');
INSERT INTO T_BAS_MONTH_CALENDAR (ID, WORK_MONTH, DAY1, DAY2, DAY3, DAY4, DAY5, DAY6, DAY7, DAY8, DAY9, DAY10, DAY11, DAY12, DAY13, DAY14, DAY15, DAY16, DAY17, DAY18, DAY19, DAY20, DAY21, DAY22, DAY23, DAY24, DAY25, DAY26, DAY27, DAY28, DAY29, DAY30, DAY31, CREATE_USER_CODE, CREATE_TIME, MODIFY_USER_CODE, MODIFY_TIME, ORG_CODE) VALUES ('18ad0039-2d12-4952-83b0-5d92bfc46089', '202001', '1', '1', '1', '1', '1', '1', '1', '1', '1', '1', '1', '1', '1', '1', '1', '1', '1', '1', '1', '1', '1', '1', '1', '1', '1', '1', '1', '1', '1', '1', '1', 'admin', sysdate, 'admin', sysdate, '1');
INSERT INTO T_BAS_MONTH_CALENDAR (ID, WORK_MONTH, DAY1, DAY2, DAY3, DAY4, DAY5, DAY6, DAY7, DAY8, DAY9, DAY10, DAY11, DAY12, DAY13, DAY14, DAY15, DAY16, DAY17, DAY18, DAY19, DAY20, DAY21, DAY22, DAY23, DAY24, DAY25, DAY26, DAY27, DAY28, DAY29, DAY30, DAY31, CREATE_USER_CODE, CREATE_TIME, MODIFY_USER_CODE, MODIFY_TIME, ORG_CODE) VALUES ('227336a8-6a8b-478d-bbc4-83b59de8db71', '202002', '1', '1', '1', '1', '1', '1', '1', '1', '1', '1', '1', '1', '1', '1', '1', '1', '1', '1', '1', '1', '1', '1', '1', '1', '1', '1', '1', '1', '1', null, null, 'admin', sysdate, 'admin', sysdate, '1');
INSERT INTO T_BAS_MONTH_CALENDAR (ID, WORK_MONTH, DAY1, DAY2, DAY3, DAY4, DAY5, DAY6, DAY7, DAY8, DAY9, DAY10, DAY11, DAY12, DAY13, DAY14, DAY15, DAY16, DAY17, DAY18, DAY19, DAY20, DAY21, DAY22, DAY23, DAY24, DAY25, DAY26, DAY27, DAY28, DAY29, DAY30, DAY31, CREATE_USER_CODE, CREATE_TIME, MODIFY_USER_CODE, MODIFY_TIME, ORG_CODE) VALUES ('da6e2010-c341-41b9-aa3e-3135bc7f96fe', '202003', '1', '1', '1', '1', '1', '1', '1', '1', '1', '1', '1', '1', '1', '1', '1', '1', '1', '1', '1', '1', '1', '1', '1', '1', '1', '1', '1', '1', '1', '1', '1', 'admin', sysdate, 'admin', sysdate, '1');
INSERT INTO T_BAS_MONTH_CALENDAR (ID, WORK_MONTH, DAY1, DAY2, DAY3, DAY4, DAY5, DAY6, DAY7, DAY8, DAY9, DAY10, DAY11, DAY12, DAY13, DAY14, DAY15, DAY16, DAY17, DAY18, DAY19, DAY20, DAY21, DAY22, DAY23, DAY24, DAY25, DAY26, DAY27, DAY28, DAY29, DAY30, DAY31, CREATE_USER_CODE, CREATE_TIME, MODIFY_USER_CODE, MODIFY_TIME, ORG_CODE) VALUES ('faedd12c-7211-4ed2-829a-0e2a3c8dd257', '202004', '1', '1', '1', '1', '1', '1', '1', '1', '1', '1', '1', '1', '1', '1', '1', '1', '1', '1', '1', '1', '1', '1', '1', '1', '1', '1', '1', '1', '1', '1', null, 'admin', sysdate, 'admin', sysdate, '1');
INSERT INTO T_BAS_MONTH_CALENDAR (ID, WORK_MONTH, DAY1, DAY2, DAY3, DAY4, DAY5, DAY6, DAY7, DAY8, DAY9, DAY10, DAY11, DAY12, DAY13, DAY14, DAY15, DAY16, DAY17, DAY18, DAY19, DAY20, DAY21, DAY22, DAY23, DAY24, DAY25, DAY26, DAY27, DAY28, DAY29, DAY30, DAY31, CREATE_USER_CODE, CREATE_TIME, MODIFY_USER_CODE, MODIFY_TIME, ORG_CODE) VALUES ('a77537e7-fbe0-4a70-84b1-9cf21c315114', '202005', '1', '1', '1', '1', '1', '1', '1', '1', '1', '1', '1', '1', '1', '1', '1', '1', '1', '1', '1', '1', '1', '1', '1', '1', '1', '1', '1', '1', '1', '1', '1', 'admin', sysdate, 'admin', sysdate, '1');
INSERT INTO T_BAS_MONTH_CALENDAR (ID, WORK_MONTH, DAY1, DAY2, DAY3, DAY4, DAY5, DAY6, DAY7, DAY8, DAY9, DAY10, DAY11, DAY12, DAY13, DAY14, DAY15, DAY16, DAY17, DAY18, DAY19, DAY20, DAY21, DAY22, DAY23, DAY24, DAY25, DAY26, DAY27, DAY28, DAY29, DAY30, DAY31, CREATE_USER_CODE, CREATE_TIME, MODIFY_USER_CODE, MODIFY_TIME, ORG_CODE) VALUES ('33c3efbd-1a83-482f-bb0b-f6e0ef171bde', '202006', '1', '1', '1', '1', '1', '1', '1', '1', '1', '1', '1', '1', '1', '1', '1', '1', '1', '1', '1', '1', '1', '1', '1', '1', '1', '1', '1', '1', '1', '1', null, 'admin', sysdate, 'admin', sysdate, '1');
INSERT INTO T_BAS_MONTH_CALENDAR (ID, WORK_MONTH, DAY1, DAY2, DAY3, DAY4, DAY5, DAY6, DAY7, DAY8, DAY9, DAY10, DAY11, DAY12, DAY13, DAY14, DAY15, DAY16, DAY17, DAY18, DAY19, DAY20, DAY21, DAY22, DAY23, DAY24, DAY25, DAY26, DAY27, DAY28, DAY29, DAY30, DAY31, CREATE_USER_CODE, CREATE_TIME, MODIFY_USER_CODE, MODIFY_TIME, ORG_CODE) VALUES ('851dceb5-5a28-4f13-aee2-f6e8c2c4faca', '202007', '1', '1', '1', '1', '1', '1', '1', '1', '1', '1', '1', '1', '1', '1', '1', '1', '1', '1', '1', '1', '1', '1', '1', '1', '1', '1', '1', '1', '1', '1', '1', 'admin', sysdate, 'admin', sysdate, '1');
INSERT INTO T_BAS_MONTH_CALENDAR (ID, WORK_MONTH, DAY1, DAY2, DAY3, DAY4, DAY5, DAY6, DAY7, DAY8, DAY9, DAY10, DAY11, DAY12, DAY13, DAY14, DAY15, DAY16, DAY17, DAY18, DAY19, DAY20, DAY21, DAY22, DAY23, DAY24, DAY25, DAY26, DAY27, DAY28, DAY29, DAY30, DAY31, CREATE_USER_CODE, CREATE_TIME, MODIFY_USER_CODE, MODIFY_TIME, ORG_CODE) VALUES ('c35f1376-97e0-4477-a6a4-c6a180b8f033', '202008', '1', '1', '1', '1', '1', '1', '1', '1', '1', '1', '1', '1', '1', '1', '1', '1', '1', '1', '1', '1', '1', '1', '1', '1', '1', '1', '1', '1', '1', '1', '1', 'admin', sysdate, 'admin', sysdate, '1');
INSERT INTO T_BAS_MONTH_CALENDAR (ID, WORK_MONTH, DAY1, DAY2, DAY3, DAY4, DAY5, DAY6, DAY7, DAY8, DAY9, DAY10, DAY11, DAY12, DAY13, DAY14, DAY15, DAY16, DAY17, DAY18, DAY19, DAY20, DAY21, DAY22, DAY23, DAY24, DAY25, DAY26, DAY27, DAY28, DAY29, DAY30, DAY31, CREATE_USER_CODE, CREATE_TIME, MODIFY_USER_CODE, MODIFY_TIME, ORG_CODE) VALUES ('0abde3c6-12d3-4750-af92-6aa0ca2703ca', '202009', '1', '1', '1', '1', '1', '1', '1', '1', '1', '1', '1', '1', '1', '1', '1', '1', '1', '1', '1', '1', '1', '1', '1', '1', '1', '1', '1', '1', '1', '1', null, 'admin', sysdate, 'admin', sysdate, '1');
INSERT INTO T_BAS_MONTH_CALENDAR (ID, WORK_MONTH, DAY1, DAY2, DAY3, DAY4, DAY5, DAY6, DAY7, DAY8, DAY9, DAY10, DAY11, DAY12, DAY13, DAY14, DAY15, DAY16, DAY17, DAY18, DAY19, DAY20, DAY21, DAY22, DAY23, DAY24, DAY25, DAY26, DAY27, DAY28, DAY29, DAY30, DAY31, CREATE_USER_CODE, CREATE_TIME, MODIFY_USER_CODE, MODIFY_TIME, ORG_CODE) VALUES ('84faae3f-cafb-4552-be66-401cc52d07d5', '202010', '1', '1', '1', '1', '1', '1', '1', '1', '1', '1', '1', '1', '1', '1', '1', '1', '1', '1', '1', '1', '1', '1', '1', '1', '1', '1', '1', '1', '1', '1', '1', 'admin', sysdate, 'admin', sysdate, '1');
INSERT INTO T_BAS_MONTH_CALENDAR (ID, WORK_MONTH, DAY1, DAY2, DAY3, DAY4, DAY5, DAY6, DAY7, DAY8, DAY9, DAY10, DAY11, DAY12, DAY13, DAY14, DAY15, DAY16, DAY17, DAY18, DAY19, DAY20, DAY21, DAY22, DAY23, DAY24, DAY25, DAY26, DAY27, DAY28, DAY29, DAY30, DAY31, CREATE_USER_CODE, CREATE_TIME, MODIFY_USER_CODE, MODIFY_TIME, ORG_CODE) VALUES ('9a1f24ba-3365-46cf-b321-635ac880bb6c', '202011', '1', '1', '1', '1', '1', '1', '1', '1', '1', '1', '1', '1', '1', '1', '1', '1', '1', '1', '1', '1', '1', '1', '1', '1', '1', '1', '1', '1', '1', '1', null, 'admin', sysdate, 'admin', sysdate, '1');
INSERT INTO T_BAS_MONTH_CALENDAR (ID, WORK_MONTH, DAY1, DAY2, DAY3, DAY4, DAY5, DAY6, DAY7, DAY8, DAY9, DAY10, DAY11, DAY12, DAY13, DAY14, DAY15, DAY16, DAY17, DAY18, DAY19, DAY20, DAY21, DAY22, DAY23, DAY24, DAY25, DAY26, DAY27, DAY28, DAY29, DAY30, DAY31, CREATE_USER_CODE, CREATE_TIME, MODIFY_USER_CODE, MODIFY_TIME, ORG_CODE) VALUES ('47ff0187-7ffc-4e58-8c4a-03052d5076af', '202012', '1', '1', '1', '1', '1', '1', '1', '1', '1', '1', '1', '1', '1', '1', '1', '1', '1', '1', '1', '1', '1', '1', '1', '1', '1', '1', '1', '1', '1', '1', '1', 'admin', sysdate, 'admin', sysdate, '1');
INSERT INTO T_BAS_MONTH_CALENDAR (ID, WORK_MONTH, DAY1, DAY2, DAY3, DAY4, DAY5, DAY6, DAY7, DAY8, DAY9, DAY10, DAY11, DAY12, DAY13, DAY14, DAY15, DAY16, DAY17, DAY18, DAY19, DAY20, DAY21, DAY22, DAY23, DAY24, DAY25, DAY26, DAY27, DAY28, DAY29, DAY30, DAY31, CREATE_USER_CODE, CREATE_TIME, MODIFY_USER_CODE, MODIFY_TIME, ORG_CODE) VALUES ('9533f938-3b1b-4e7c-8995-f02a92d1af01', '202101', '1', '1', '1', '1', '1', '1', '1', '1', '1', '1', '1', '1', '1', '1', '1', '1', '1', '1', '1', '1', '1', '1', '1', '1', '1', '1', '1', '1', '1', '1', '1', 'admin', sysdate, 'admin', sysdate, '1');
INSERT INTO T_BAS_WORK_SHIFT (ID, SHIFT_NAME, SHIFT_START_TIME, SHIFT_END_TIME, CREATE_USER_CODE, CREATE_TIME, MODIFY_USER_CODE, MODIFY_TIME) VALUES ('1', '常规白班', '0800', '1600', 'admin', sysdate, 'admin', sysdate);
INSERT INTO T_BAS_WORK_SHIFT (ID, SHIFT_NAME, SHIFT_START_TIME, SHIFT_END_TIME, CREATE_USER_CODE, CREATE_TIME, MODIFY_USER_CODE, MODIFY_TIME) VALUES ('2', '周末白班', '0800', '1200', 'admin', sysdate, 'admin', sysdate);
INSERT INTO T_BAS_WORK_SHIFT (ID, SHIFT_NAME, SHIFT_START_TIME, SHIFT_END_TIME, CREATE_USER_CODE, CREATE_TIME, MODIFY_USER_CODE, MODIFY_TIME) VALUES ('3', '常规中班', '1600', '2400', 'admin', sysdate, 'admin', sysdate);
INSERT INTO T_BAS_WORK_SHIFT (ID, SHIFT_NAME, SHIFT_START_TIME, SHIFT_END_TIME, CREATE_USER_CODE, CREATE_TIME, MODIFY_USER_CODE, MODIFY_TIME) VALUES ('4', '常规夜班', '0000', '0800', 'admin', sysdate, 'admin', sysdate);
INSERT INTO T_BAS_WEEK_CALENDAR_SHIFT (ID, WEEK_CALENDAR_ID, WORK_SHIFT_ID, CREATE_USER_CODE, CREATE_TIME, MODIFY_USER_CODE, MODIFY_TIME, ORG_CODE) VALUES ('1', '1', '1', 'admin', sysdate, 'admin', sysdate, '1');
INSERT INTO T_BAS_WEEK_CALENDAR_SHIFT (ID, WEEK_CALENDAR_ID, WORK_SHIFT_ID, CREATE_USER_CODE, CREATE_TIME, MODIFY_USER_CODE, MODIFY_TIME, ORG_CODE) VALUES ('2', '1', '3', 'admin', sysdate, 'admin', sysdate, '1');
INSERT INTO T_BAS_WEEK_CALENDAR_SHIFT (ID, WEEK_CALENDAR_ID, WORK_SHIFT_ID, CREATE_USER_CODE, CREATE_TIME, MODIFY_USER_CODE, MODIFY_TIME, ORG_CODE) VALUES ('3', '1', '4', 'admin', sysdate, 'admin', sysdate, '1');
INSERT INTO T_BAS_WEEK_CALENDAR_SHIFT (ID, WEEK_CALENDAR_ID, WORK_SHIFT_ID, CREATE_USER_CODE, CREATE_TIME, MODIFY_USER_CODE, MODIFY_TIME, ORG_CODE) VALUES ('4', '2', '1', 'admin', sysdate, 'admin', sysdate, '1');
INSERT INTO T_BAS_WEEK_CALENDAR_SHIFT (ID, WEEK_CALENDAR_ID, WORK_SHIFT_ID, CREATE_USER_CODE, CREATE_TIME, MODIFY_USER_CODE, MODIFY_TIME, ORG_CODE) VALUES ('5', '2', '3', 'admin', sysdate, 'admin', sysdate, '1');
INSERT INTO T_BAS_WEEK_CALENDAR_SHIFT (ID, WEEK_CALENDAR_ID, WORK_SHIFT_ID, CREATE_USER_CODE, CREATE_TIME, MODIFY_USER_CODE, MODIFY_TIME, ORG_CODE) VALUES ('6', '2', '4', 'admin', sysdate, 'admin', sysdate, '1');
INSERT INTO T_BAS_WEEK_CALENDAR_SHIFT (ID, WEEK_CALENDAR_ID, WORK_SHIFT_ID, CREATE_USER_CODE, CREATE_TIME, MODIFY_USER_CODE, MODIFY_TIME, ORG_CODE) VALUES ('7', '3', '1', 'admin', sysdate, 'admin', sysdate, '1');
INSERT INTO T_BAS_WEEK_CALENDAR_SHIFT (ID, WEEK_CALENDAR_ID, WORK_SHIFT_ID, CREATE_USER_CODE, CREATE_TIME, MODIFY_USER_CODE, MODIFY_TIME, ORG_CODE) VALUES ('8', '3', '3', 'admin', sysdate, 'admin', sysdate, '1');
INSERT INTO T_BAS_WEEK_CALENDAR_SHIFT (ID, WEEK_CALENDAR_ID, WORK_SHIFT_ID, CREATE_USER_CODE, CREATE_TIME, MODIFY_USER_CODE, MODIFY_TIME, ORG_CODE) VALUES ('9', '3', '4', 'admin', sysdate, 'admin', sysdate, '1');
INSERT INTO T_BAS_WEEK_CALENDAR_SHIFT (ID, WEEK_CALENDAR_ID, WORK_SHIFT_ID, CREATE_USER_CODE, CREATE_TIME, MODIFY_USER_CODE, MODIFY_TIME, ORG_CODE) VALUES ('10', '4', '1', 'admin', sysdate, 'admin', sysdate, '1');
INSERT INTO T_BAS_WEEK_CALENDAR_SHIFT (ID, WEEK_CALENDAR_ID, WORK_SHIFT_ID, CREATE_USER_CODE, CREATE_TIME, MODIFY_USER_CODE, MODIFY_TIME, ORG_CODE) VALUES ('11', '4', '3', 'admin', sysdate, 'admin', sysdate, '1');
INSERT INTO T_BAS_WEEK_CALENDAR_SHIFT (ID, WEEK_CALENDAR_ID, WORK_SHIFT_ID, CREATE_USER_CODE, CREATE_TIME, MODIFY_USER_CODE, MODIFY_TIME, ORG_CODE) VALUES ('12', '4', '4', 'admin', sysdate, 'admin', sysdate, '1');
INSERT INTO T_BAS_WEEK_CALENDAR_SHIFT (ID, WEEK_CALENDAR_ID, WORK_SHIFT_ID, CREATE_USER_CODE, CREATE_TIME, MODIFY_USER_CODE, MODIFY_TIME, ORG_CODE) VALUES ('13', '5', '1', 'admin', sysdate, 'admin', sysdate, '1');
INSERT INTO T_BAS_WEEK_CALENDAR_SHIFT (ID, WEEK_CALENDAR_ID, WORK_SHIFT_ID, CREATE_USER_CODE, CREATE_TIME, MODIFY_USER_CODE, MODIFY_TIME, ORG_CODE) VALUES ('14', '5', '3', 'admin', sysdate, 'admin', sysdate, '1');
INSERT INTO T_BAS_WEEK_CALENDAR_SHIFT (ID, WEEK_CALENDAR_ID, WORK_SHIFT_ID, CREATE_USER_CODE, CREATE_TIME, MODIFY_USER_CODE, MODIFY_TIME, ORG_CODE) VALUES ('15', '5', '4', 'admin', sysdate, 'admin', sysdate, '1');
INSERT INTO T_BAS_WEEK_CALENDAR_SHIFT (ID, WEEK_CALENDAR_ID, WORK_SHIFT_ID, CREATE_USER_CODE, CREATE_TIME, MODIFY_USER_CODE, MODIFY_TIME, ORG_CODE) VALUES ('16', '6', '1', 'admin', sysdate, 'admin', sysdate, '1');
INSERT INTO T_BAS_WEEK_CALENDAR_SHIFT (ID, WEEK_CALENDAR_ID, WORK_SHIFT_ID, CREATE_USER_CODE, CREATE_TIME, MODIFY_USER_CODE, MODIFY_TIME, ORG_CODE) VALUES ('17', '6', '3', 'admin', sysdate, 'admin', sysdate, '1');
INSERT INTO T_BAS_WEEK_CALENDAR_SHIFT (ID, WEEK_CALENDAR_ID, WORK_SHIFT_ID, CREATE_USER_CODE, CREATE_TIME, MODIFY_USER_CODE, MODIFY_TIME, ORG_CODE) VALUES ('18', '6', '4', 'admin', sysdate, 'admin', sysdate, '1');
INSERT INTO T_BAS_WEEK_CALENDAR_SHIFT (ID, WEEK_CALENDAR_ID, WORK_SHIFT_ID, CREATE_USER_CODE, CREATE_TIME, MODIFY_USER_CODE, MODIFY_TIME, ORG_CODE) VALUES ('19', '7', '1', 'admin', sysdate, 'admin', sysdate, '1');
INSERT INTO T_BAS_WEEK_CALENDAR_SHIFT (ID, WEEK_CALENDAR_ID, WORK_SHIFT_ID, CREATE_USER_CODE, CREATE_TIME, MODIFY_USER_CODE, MODIFY_TIME, ORG_CODE) VALUES ('20', '7', '3', 'admin', sysdate, 'admin', sysdate, '1');
INSERT INTO T_BAS_WEEK_CALENDAR_SHIFT (ID, WEEK_CALENDAR_ID, WORK_SHIFT_ID, CREATE_USER_CODE, CREATE_TIME, MODIFY_USER_CODE, MODIFY_TIME, ORG_CODE) VALUES ('21', '7', '4', 'admin', sysdate, 'admin', sysdate, '1');
INSERT INTO T_BAS_WEEK_CALENDAR_SHIFT (ID, WEEK_CALENDAR_ID, WORK_SHIFT_ID, CREATE_USER_CODE, CREATE_TIME, MODIFY_USER_CODE, MODIFY_TIME, ORG_CODE) VALUES ('22', '8', '1', 'admin', sysdate, 'admin', sysdate, '2');
INSERT INTO T_BAS_WEEK_CALENDAR_SHIFT (ID, WEEK_CALENDAR_ID, WORK_SHIFT_ID, CREATE_USER_CODE, CREATE_TIME, MODIFY_USER_CODE, MODIFY_TIME, ORG_CODE) VALUES ('23', '9', '1', 'admin', sysdate, 'admin', sysdate, '2');
INSERT INTO T_BAS_WEEK_CALENDAR_SHIFT (ID, WEEK_CALENDAR_ID, WORK_SHIFT_ID, CREATE_USER_CODE, CREATE_TIME, MODIFY_USER_CODE, MODIFY_TIME, ORG_CODE) VALUES ('24', '10', '1', 'admin', sysdate, 'admin', sysdate, '2');

--设备与工序信息
INSERT INTO T_FAC_EQIP_INFO (ID, CODE, NAME, STATUS, TYPE, CREATE_TIME, CREATE_USER_CODE, MODIFY_TIME, MODIFY_USER_CODE, ORG_CODE, SPECS, ENAME, BNUM, MODEL, CENTER, USEPRICES, FACTORY) VALUES ('101', 'LINE-VIRTUAL-JY01', '虚拟检验01#生产线', 'IDLE', 'PRODUCT_LINE', sysdate, 'admin', sysdate, 'admin', '1', null, null, null, null, 'test', null, 'test');
INSERT INTO T_FAC_EQIP_INFO (ID, CODE, NAME, STATUS, TYPE, CREATE_TIME, CREATE_USER_CODE, MODIFY_TIME, MODIFY_USER_CODE, ORG_CODE, SPECS, ENAME, BNUM, MODEL, CENTER, USEPRICES, FACTORY) VALUES ('102', 'LINE-VIRTUAL-JY02', '虚拟检验02#生产线', 'IDLE', 'PRODUCT_LINE', sysdate, 'admin', sysdate, 'admin', '1', null, null, null, null, 'test', null, 'test');
INSERT INTO T_FAC_EQIP_INFO (ID, CODE, NAME, STATUS, TYPE, CREATE_TIME, CREATE_USER_CODE, MODIFY_TIME, MODIFY_USER_CODE, ORG_CODE, SPECS, ENAME, BNUM, MODEL, CENTER, USEPRICES, FACTORY) VALUES ('103', 'LINE-VIRTUAL-JY03', '虚拟检验03#生产线', 'IDLE', 'PRODUCT_LINE', sysdate, 'admin', sysdate, 'admin', '1', null, null, null, null, 'test', null, 'test');
INSERT INTO T_FAC_EQIP_INFO (ID, CODE, NAME, STATUS, TYPE, CREATE_TIME, CREATE_USER_CODE, MODIFY_TIME, MODIFY_USER_CODE, ORG_CODE, SPECS, ENAME, BNUM, MODEL, CENTER, USEPRICES, FACTORY) VALUES ('104', 'LINE-VIRTUAL-JY04', '虚拟检验04#生产线', 'IDLE', 'PRODUCT_LINE', sysdate, 'admin', sysdate, 'admin', '1', null, null, null, null, 'test', null, 'test');
INSERT INTO T_FAC_EQIP_INFO (ID, CODE, NAME, STATUS, TYPE, CREATE_TIME, CREATE_USER_CODE, MODIFY_TIME, MODIFY_USER_CODE, ORG_CODE, SPECS, ENAME, BNUM, MODEL, CENTER, USEPRICES, FACTORY) VALUES ('105', 'LINE-VIRTUAL-JY05', '虚拟检验05#生产线', 'IDLE', 'PRODUCT_LINE', sysdate, 'admin', sysdate, 'admin', '1', null, null, null, null, 'test', null, 'test');
INSERT INTO T_FAC_EQIP_INFO (ID, CODE, NAME, STATUS, TYPE, CREATE_TIME, CREATE_USER_CODE, MODIFY_TIME, MODIFY_USER_CODE, ORG_CODE, SPECS, ENAME, BNUM, MODEL, CENTER, USEPRICES, FACTORY) VALUES ('106', 'LINE-VIRTUAL-JY06', '虚拟检验06#生产线', 'IDLE', 'PRODUCT_LINE', sysdate, 'admin', sysdate, 'admin', '1', null, null, null, null, 'test', null, 'test');
INSERT INTO T_FAC_EQIP_INFO (ID, CODE, NAME, STATUS, TYPE, CREATE_TIME, CREATE_USER_CODE, MODIFY_TIME, MODIFY_USER_CODE, ORG_CODE, SPECS, ENAME, BNUM, MODEL, CENTER, USEPRICES, FACTORY) VALUES ('107', 'LINE-VIRTUAL-JY07', '虚拟检验07#生产线', 'IDLE', 'PRODUCT_LINE', sysdate, 'admin', sysdate, 'admin', '1', null, null, null, null, 'test', null, 'test');
INSERT INTO T_FAC_EQIP_INFO (ID, CODE, NAME, STATUS, TYPE, CREATE_TIME, CREATE_USER_CODE, MODIFY_TIME, MODIFY_USER_CODE, ORG_CODE, SPECS, ENAME, BNUM, MODEL, CENTER, USEPRICES, FACTORY) VALUES ('108', 'LINE-VIRTUAL-JY08', '虚拟检验08#生产线', 'IDLE', 'PRODUCT_LINE', sysdate, 'admin', sysdate, 'admin', '1', null, null, null, null, 'test', null, 'test');
INSERT INTO T_FAC_EQIP_INFO (ID, CODE, NAME, STATUS, TYPE, CREATE_TIME, CREATE_USER_CODE, MODIFY_TIME, MODIFY_USER_CODE, ORG_CODE, SPECS, ENAME, BNUM, MODEL, CENTER, USEPRICES, FACTORY) VALUES ('109', 'LINE-VIRTUAL-JY09', '虚拟检验09#生产线', 'IDLE', 'PRODUCT_LINE', sysdate, 'admin', sysdate, 'admin', '1', null, null, null, null, 'test', null, 'test');
INSERT INTO T_FAC_EQIP_INFO (ID, CODE, NAME, STATUS, TYPE, CREATE_TIME, CREATE_USER_CODE, MODIFY_TIME, MODIFY_USER_CODE, ORG_CODE, SPECS, ENAME, BNUM, MODEL, CENTER, USEPRICES, FACTORY) VALUES ('110', 'LINE-VIRTUAL-JY10', '虚拟检验10#生产线', 'IDLE', 'PRODUCT_LINE', sysdate, 'admin', sysdate, 'admin', '1', null, null, null, null, 'test', null, 'test');
INSERT INTO T_FAC_EQIP_INFO (ID, CODE, NAME, STATUS, TYPE, CREATE_TIME, CREATE_USER_CODE, MODIFY_TIME, MODIFY_USER_CODE, ORG_CODE, SPECS, ENAME, BNUM, MODEL, CENTER, USEPRICES, FACTORY) VALUES ('201', 'LINE-VIRTUAL-PT01', '虚拟配套01#生产线', 'IDLE', 'PRODUCT_LINE', sysdate, 'admin', sysdate, 'admin', '1', null, null, null, null, 'test', null, 'test');
INSERT INTO T_FAC_EQIP_INFO (ID, CODE, NAME, STATUS, TYPE, CREATE_TIME, CREATE_USER_CODE, MODIFY_TIME, MODIFY_USER_CODE, ORG_CODE, SPECS, ENAME, BNUM, MODEL, CENTER, USEPRICES, FACTORY) VALUES ('202', 'LINE-VIRTUAL-PT02', '虚拟配套02#生产线', 'IDLE', 'PRODUCT_LINE', sysdate, 'admin', sysdate, 'admin', '1', null, null, null, null, 'test', null, 'test');
INSERT INTO T_FAC_EQIP_INFO (ID, CODE, NAME, STATUS, TYPE, CREATE_TIME, CREATE_USER_CODE, MODIFY_TIME, MODIFY_USER_CODE, ORG_CODE, SPECS, ENAME, BNUM, MODEL, CENTER, USEPRICES, FACTORY) VALUES ('203', 'LINE-VIRTUAL-PT03', '虚拟配套03#生产线', 'IDLE', 'PRODUCT_LINE', sysdate, 'admin', sysdate, 'admin', '1', null, null, null, null, 'test', null, 'test');
INSERT INTO T_FAC_EQIP_INFO (ID, CODE, NAME, STATUS, TYPE, CREATE_TIME, CREATE_USER_CODE, MODIFY_TIME, MODIFY_USER_CODE, ORG_CODE, SPECS, ENAME, BNUM, MODEL, CENTER, USEPRICES, FACTORY) VALUES ('204', 'LINE-VIRTUAL-PT04', '虚拟配套04#生产线', 'IDLE', 'PRODUCT_LINE', sysdate, 'admin', sysdate, 'admin', '1', null, null, null, null, 'test', null, 'test');
INSERT INTO T_FAC_EQIP_INFO (ID, CODE, NAME, STATUS, TYPE, CREATE_TIME, CREATE_USER_CODE, MODIFY_TIME, MODIFY_USER_CODE, ORG_CODE, SPECS, ENAME, BNUM, MODEL, CENTER, USEPRICES, FACTORY) VALUES ('205', 'LINE-VIRTUAL-PT05', '虚拟配套05#生产线', 'IDLE', 'PRODUCT_LINE', sysdate, 'admin', sysdate, 'admin', '1', null, null, null, null, 'test', null, 'test');
INSERT INTO T_FAC_EQIP_INFO (ID, CODE, NAME, STATUS, TYPE, CREATE_TIME, CREATE_USER_CODE, MODIFY_TIME, MODIFY_USER_CODE, ORG_CODE, SPECS, ENAME, BNUM, MODEL, CENTER, USEPRICES, FACTORY) VALUES ('206', 'LINE-VIRTUAL-PT06', '虚拟配套06#生产线', 'IDLE', 'PRODUCT_LINE', sysdate, 'admin', sysdate, 'admin', '1', null, null, null, null, 'test', null, 'test');
INSERT INTO T_FAC_EQIP_INFO (ID, CODE, NAME, STATUS, TYPE, CREATE_TIME, CREATE_USER_CODE, MODIFY_TIME, MODIFY_USER_CODE, ORG_CODE, SPECS, ENAME, BNUM, MODEL, CENTER, USEPRICES, FACTORY) VALUES ('207', 'LINE-VIRTUAL-PT07', '虚拟配套07#生产线', 'IDLE', 'PRODUCT_LINE', sysdate, 'admin', sysdate, 'admin', '1', null, null, null, null, 'test', null, 'test');
INSERT INTO T_FAC_EQIP_INFO (ID, CODE, NAME, STATUS, TYPE, CREATE_TIME, CREATE_USER_CODE, MODIFY_TIME, MODIFY_USER_CODE, ORG_CODE, SPECS, ENAME, BNUM, MODEL, CENTER, USEPRICES, FACTORY) VALUES ('208', 'LINE-VIRTUAL-PT08', '虚拟配套08#生产线', 'IDLE', 'PRODUCT_LINE', sysdate, 'admin', sysdate, 'admin', '1', null, null, null, null, 'test', null, 'test');
INSERT INTO T_FAC_EQIP_INFO (ID, CODE, NAME, STATUS, TYPE, CREATE_TIME, CREATE_USER_CODE, MODIFY_TIME, MODIFY_USER_CODE, ORG_CODE, SPECS, ENAME, BNUM, MODEL, CENTER, USEPRICES, FACTORY) VALUES ('209', 'LINE-VIRTUAL-PT09', '虚拟配套09#生产线', 'IDLE', 'PRODUCT_LINE', sysdate, 'admin', sysdate, 'admin', '1', null, null, null, null, 'test', null, 'test');
INSERT INTO T_FAC_EQIP_INFO (ID, CODE, NAME, STATUS, TYPE, CREATE_TIME, CREATE_USER_CODE, MODIFY_TIME, MODIFY_USER_CODE, ORG_CODE, SPECS, ENAME, BNUM, MODEL, CENTER, USEPRICES, FACTORY) VALUES ('210', 'LINE-VIRTUAL-PT10', '虚拟配套10#生产线', 'IDLE', 'PRODUCT_LINE', sysdate, 'admin', sysdate, 'admin', '1', null, null, null, null, 'test', null, 'test');
INSERT INTO T_FAC_EQIP_INFO (ID, CODE, NAME, STATUS, TYPE, CREATE_TIME, CREATE_USER_CODE, MODIFY_TIME, MODIFY_USER_CODE, ORG_CODE, SPECS, ENAME, BNUM, MODEL, CENTER, USEPRICES, FACTORY) VALUES ('301', 'LINE-VIRTUAL-JL01', '虚拟交联01#生产线', 'IDLE', 'PRODUCT_LINE', sysdate, 'admin', sysdate, 'admin', '1', null, null, null, null, 'test', null, 'test');
INSERT INTO T_FAC_EQIP_INFO (ID, CODE, NAME, STATUS, TYPE, CREATE_TIME, CREATE_USER_CODE, MODIFY_TIME, MODIFY_USER_CODE, ORG_CODE, SPECS, ENAME, BNUM, MODEL, CENTER, USEPRICES, FACTORY) VALUES ('302', 'LINE-VIRTUAL-JL02', '虚拟交联02#生产线', 'IDLE', 'PRODUCT_LINE', sysdate, 'admin', sysdate, 'admin', '1', null, null, null, null, 'test', null, 'test');
INSERT INTO T_FAC_EQIP_INFO (ID, CODE, NAME, STATUS, TYPE, CREATE_TIME, CREATE_USER_CODE, MODIFY_TIME, MODIFY_USER_CODE, ORG_CODE, SPECS, ENAME, BNUM, MODEL, CENTER, USEPRICES, FACTORY) VALUES ('303', 'LINE-VIRTUAL-JL03', '虚拟交联03#生产线', 'IDLE', 'PRODUCT_LINE', sysdate, 'admin', sysdate, 'admin', '1', null, null, null, null, 'test', null, 'test');
INSERT INTO T_FAC_EQIP_INFO (ID, CODE, NAME, STATUS, TYPE, CREATE_TIME, CREATE_USER_CODE, MODIFY_TIME, MODIFY_USER_CODE, ORG_CODE, SPECS, ENAME, BNUM, MODEL, CENTER, USEPRICES, FACTORY) VALUES ('304', 'LINE-VIRTUAL-JL04', '虚拟交联04#生产线', 'IDLE', 'PRODUCT_LINE', sysdate, 'admin', sysdate, 'admin', '1', null, null, null, null, 'test', null, 'test');
INSERT INTO T_FAC_EQIP_INFO (ID, CODE, NAME, STATUS, TYPE, CREATE_TIME, CREATE_USER_CODE, MODIFY_TIME, MODIFY_USER_CODE, ORG_CODE, SPECS, ENAME, BNUM, MODEL, CENTER, USEPRICES, FACTORY) VALUES ('305', 'LINE-VIRTUAL-JL05', '虚拟交联05#生产线', 'IDLE', 'PRODUCT_LINE', sysdate, 'admin', sysdate, 'admin', '1', null, null, null, null, 'test', null, 'test');
INSERT INTO T_FAC_EQIP_INFO (ID, CODE, NAME, STATUS, TYPE, CREATE_TIME, CREATE_USER_CODE, MODIFY_TIME, MODIFY_USER_CODE, ORG_CODE, SPECS, ENAME, BNUM, MODEL, CENTER, USEPRICES, FACTORY) VALUES ('306', 'LINE-VIRTUAL-JL06', '虚拟交联06#生产线', 'IDLE', 'PRODUCT_LINE', sysdate, 'admin', sysdate, 'admin', '1', null, null, null, null, 'test', null, 'test');
INSERT INTO T_FAC_EQIP_INFO (ID, CODE, NAME, STATUS, TYPE, CREATE_TIME, CREATE_USER_CODE, MODIFY_TIME, MODIFY_USER_CODE, ORG_CODE, SPECS, ENAME, BNUM, MODEL, CENTER, USEPRICES, FACTORY) VALUES ('307', 'LINE-VIRTUAL-JL07', '虚拟交联07#生产线', 'IDLE', 'PRODUCT_LINE', sysdate, 'admin', sysdate, 'admin', '1', null, null, null, null, 'test', null, 'test');
INSERT INTO T_FAC_EQIP_INFO (ID, CODE, NAME, STATUS, TYPE, CREATE_TIME, CREATE_USER_CODE, MODIFY_TIME, MODIFY_USER_CODE, ORG_CODE, SPECS, ENAME, BNUM, MODEL, CENTER, USEPRICES, FACTORY) VALUES ('308', 'LINE-VIRTUAL-JL08', '虚拟交联08#生产线', 'IDLE', 'PRODUCT_LINE', sysdate, 'admin', sysdate, 'admin', '1', null, null, null, null, 'test', null, 'test');
INSERT INTO T_FAC_EQIP_INFO (ID, CODE, NAME, STATUS, TYPE, CREATE_TIME, CREATE_USER_CODE, MODIFY_TIME, MODIFY_USER_CODE, ORG_CODE, SPECS, ENAME, BNUM, MODEL, CENTER, USEPRICES, FACTORY) VALUES ('309', 'LINE-VIRTUAL-JL09', '虚拟交联09#生产线', 'IDLE', 'PRODUCT_LINE', sysdate, 'admin', sysdate, 'admin', '1', null, null, null, null, 'test', null, 'test');
INSERT INTO T_FAC_EQIP_INFO (ID, CODE, NAME, STATUS, TYPE, CREATE_TIME, CREATE_USER_CODE, MODIFY_TIME, MODIFY_USER_CODE, ORG_CODE, SPECS, ENAME, BNUM, MODEL, CENTER, USEPRICES, FACTORY) VALUES ('310', 'LINE-VIRTUAL-JL10', '虚拟交联10#生产线', 'IDLE', 'PRODUCT_LINE', sysdate, 'admin', sysdate, 'admin', '1', null, null, null, null, 'test', null, 'test');
INSERT INTO T_PRO_PROCESS_INFO (ID, CODE, NAME, SECTION, CREATE_TIME, CREATE_USER_CODE, MODIFY_TIME, MODIFY_USER_CODE, ORG_CODE, SECTION_SEQ) VALUES ('1', 'EXTRUSION_SINGLE', '挤出-单层', '绝缘', sysdate, 'admin', sysdate, 'admin', '1', 20);
INSERT INTO T_PRO_PROCESS_INFO (ID, CODE, NAME, SECTION, CREATE_TIME, CREATE_USER_CODE, MODIFY_TIME, MODIFY_USER_CODE, ORG_CODE, SECTION_SEQ) VALUES ('2', 'EXTRUSION_DUAL', '挤出-双层', '绝缘', sysdate, 'admin', sysdate, 'admin', '1', 30);
INSERT INTO T_PRO_PROCESS_INFO (ID, CODE, NAME, SECTION, CREATE_TIME, CREATE_USER_CODE, MODIFY_TIME, MODIFY_USER_CODE, ORG_CODE, SECTION_SEQ) VALUES ('3', 'TAPEWRAP', '绕包', '绝缘', sysdate, 'admin', sysdate, 'admin', '1', 40);
INSERT INTO T_PRO_PROCESS_INFO (ID, CODE, NAME, SECTION, CREATE_TIME, CREATE_USER_CODE, MODIFY_TIME, MODIFY_USER_CODE, ORG_CODE, SECTION_SEQ) VALUES ('4', 'IRRADITION', '辐照', '绝缘', sysdate, 'admin', sysdate, 'admin', '1', 60);
INSERT INTO T_PRO_PROCESS_INFO (ID, CODE, NAME, SECTION, CREATE_TIME, CREATE_USER_CODE, MODIFY_TIME, MODIFY_USER_CODE, ORG_CODE, SECTION_SEQ) VALUES ('5', 'RESPOOL', '复绕', '所有', sysdate, 'admin', sysdate, 'admin', '1', 120);
INSERT INTO T_PRO_PROCESS_INFO (ID, CODE, NAME, SECTION, CREATE_TIME, CREATE_USER_CODE, MODIFY_TIME, MODIFY_USER_CODE, ORG_CODE, SECTION_SEQ) VALUES ('6', 'PRINT', '印字', '所有', sysdate, 'admin', sysdate, 'admin', '1', 130);
INSERT INTO T_PRO_PROCESS_INFO (ID, CODE, NAME, SECTION, CREATE_TIME, CREATE_USER_CODE, MODIFY_TIME, MODIFY_USER_CODE, ORG_CODE, SECTION_SEQ) VALUES ('7', 'STRIPE', '印条纹', '所有', sysdate, 'admin', sysdate, 'admin', '1', 140);
INSERT INTO T_PRO_PROCESS_INFO (ID, CODE, NAME, SECTION, CREATE_TIME, CREATE_USER_CODE, MODIFY_TIME, MODIFY_USER_CODE, ORG_CODE, SECTION_SEQ) VALUES ('8', 'TWISTING', '扭绞', '成缆', sysdate, 'admin', sysdate, 'admin', '1', 70);
INSERT INTO T_PRO_PROCESS_INFO (ID, CODE, NAME, SECTION, CREATE_TIME, CREATE_USER_CODE, MODIFY_TIME, MODIFY_USER_CODE, ORG_CODE, SECTION_SEQ) VALUES ('9', 'CABLING', '成缆', '成缆', sysdate, 'admin', sysdate, 'admin', '1', 80);
INSERT INTO T_PRO_PROCESS_INFO (ID, CODE, NAME, SECTION, CREATE_TIME, CREATE_USER_CODE, MODIFY_TIME, MODIFY_USER_CODE, ORG_CODE, SECTION_SEQ) VALUES ('10', 'MATCHING_RESPOOLING', '配套', '绝缘', sysdate, 'admin', sysdate, 'admin', '1', 90);
INSERT INTO T_PRO_PROCESS_INFO (ID, CODE, NAME, SECTION, CREATE_TIME, CREATE_USER_CODE, MODIFY_TIME, MODIFY_USER_CODE, ORG_CODE, SECTION_SEQ) VALUES ('11', 'BRAIDING', '编织', '成缆', sysdate, 'admin', sysdate, 'admin', '1', 10);
INSERT INTO T_PRO_PROCESS_INFO (ID, CODE, NAME, SECTION, CREATE_TIME, CREATE_USER_CODE, MODIFY_TIME, MODIFY_USER_CODE, ORG_CODE, SECTION_SEQ) VALUES ('12', 'JACKET_EXTRUSION', '护套-挤出', '护套', sysdate, 'admin', sysdate, 'admin', '1', 110);
INSERT INTO T_PRO_PROCESS_INFO (ID, CODE, NAME, SECTION, CREATE_TIME, CREATE_USER_CODE, MODIFY_TIME, MODIFY_USER_CODE, ORG_CODE, SECTION_SEQ) VALUES ('13', 'JACKET_TAPEWRAP', '护套-绕包', '护套', sysdate, 'admin', sysdate, 'admin', '1', 100);
INSERT INTO T_PRO_PROCESS_INFO (ID, CODE, NAME, SECTION, CREATE_TIME, CREATE_USER_CODE, MODIFY_TIME, MODIFY_USER_CODE, ORG_CODE, SECTION_SEQ) VALUES ('14', 'SHAOJIE', '烧结', '绝缘', sysdate, 'admin', sysdate, 'admin', '1', 50);
INSERT INTO T_PRO_PROCESS_INFO (ID, CODE, NAME, SECTION, CREATE_TIME, CREATE_USER_CODE, MODIFY_TIME, MODIFY_USER_CODE, ORG_CODE, SECTION_SEQ) VALUES ('15', 'JIANYAN', '检验', '所有', sysdate, 'admin', sysdate, 'admin', '1', 160);
INSERT INTO T_PRO_PROCESS_INFO (ID, CODE, NAME, SECTION, CREATE_TIME, CREATE_USER_CODE, MODIFY_TIME, MODIFY_USER_CODE, ORG_CODE, SECTION_SEQ) VALUES ('16', 'KAIZHUANG', '铠装', '成缆', sysdate, 'admin', sysdate, 'admin', '1', 150);
INSERT INTO T_PRO_PROCESS_INFO (ID, CODE, NAME, SECTION, CREATE_TIME, CREATE_USER_CODE, MODIFY_TIME, MODIFY_USER_CODE, ORG_CODE, SECTION_SEQ) VALUES ('17', 'KAIZHUANG_PT', '铠装配套', '成缆', sysdate, 'admin', sysdate, 'admin', '1', 150);
INSERT INTO T_PRO_PROCESS_INFO (ID, CODE, NAME, SECTION, CREATE_TIME, CREATE_USER_CODE, MODIFY_TIME, MODIFY_USER_CODE, ORG_CODE, SECTION_SEQ) VALUES ('18', 'FENPING', '分屏', '成缆', sysdate, 'admin', sysdate, 'admin', '1', 75);
INSERT INTO T_PRO_PROCESS_INFO (ID, CODE, NAME, SECTION, CREATE_TIME, CREATE_USER_CODE, MODIFY_TIME, MODIFY_USER_CODE, ORG_CODE, SECTION_SEQ) VALUES ('19', 'ZONGPING', '总屏', '成缆', sysdate, 'admin', sysdate, 'admin', '1', 85);
INSERT INTO T_PRO_PROCESS_INFO (ID, CODE, NAME, SECTION, CREATE_TIME, CREATE_USER_CODE, MODIFY_TIME, MODIFY_USER_CODE, ORG_CODE, SECTION_SEQ) VALUES ('20', 'PINGBI', '屏蔽', '成缆', sysdate, 'admin', sysdate, 'admin', '1', 84);
INSERT INTO T_PRO_PROCESS_INFO (ID, CODE, NAME, SECTION, CREATE_TIME, CREATE_USER_CODE, MODIFY_TIME, MODIFY_USER_CODE, ORG_CODE, SECTION_SEQ) VALUES ('21', 'JIAOLIAN', '交联', '绝缘', sysdate, 'admin', sysdate, 'admin', '1', 55);

--物料
insert into T_INV_WAREHOUSE (ID, WAREHOUSE_CODE, WAREHOUSE_NAME, ADDRESS, CREATE_TIME, CREATE_USER_CODE, MODIFY_TIME, MODIFY_USER_CODE, ORG_CODE, TYPE) values ('617a1626-6556-46c0-aeef-5f21d60597bf', 'WIP', '宝胜特缆在制品仓库', '宝胜特缆', TIMESTAMP '2014-07-11 15:47:35', 'admin', TIMESTAMP '2014-07-11 15:47:35', 'admin、', '1', 'WIP');

insert into T_INV_LOCATION (ID, WAREHOUSE_ID, PROCESS_CODE, LOCATION_NAME, LOCATION_X, LOCATION_Y, LOCATION_Z, CREATE_TIME, CREATE_USER_CODE, MODIFY_TIME, MODIFY_USER_CODE, ORG_CODE, TYPE) values ('4d0de69f-1588-4c95-8db5-6865dcfa6110', '617a1626-6556-46c0-aeef-5f21d60597bf', 'EXTRUSION_SINGLE', '临时库位', null, null, null, TIMESTAMP '2014-09-22 13:52:00', 'admin', TIMESTAMP '2014-09-22 13:52:00', 'admin', '1', 'TEMP');
insert into T_INV_LOCATION (ID, WAREHOUSE_ID, PROCESS_CODE, LOCATION_NAME, LOCATION_X, LOCATION_Y, LOCATION_Z, CREATE_TIME, CREATE_USER_CODE, MODIFY_TIME, MODIFY_USER_CODE, ORG_CODE, TYPE) values ('7c2de329-6ace-4ba0-b1f2-30f38beeb180', '617a1626-6556-46c0-aeef-5f21d60597bf', 'EXTRUSION_DUAL', '临时库位', null, null, null, TIMESTAMP '2014-09-22 13:52:00', 'admin', TIMESTAMP '2014-09-22 13:52:00', 'admin', '1', 'TEMP');
insert into T_INV_LOCATION (ID, WAREHOUSE_ID, PROCESS_CODE, LOCATION_NAME, LOCATION_X, LOCATION_Y, LOCATION_Z, CREATE_TIME, CREATE_USER_CODE, MODIFY_TIME, MODIFY_USER_CODE, ORG_CODE, TYPE) values ('f65b557b-14a0-4bf9-b4d9-b9901cb5377e', '617a1626-6556-46c0-aeef-5f21d60597bf', 'TAPEWRAP', '临时库位', null, null, null, TIMESTAMP '2014-09-22 13:52:00', 'admin', TIMESTAMP '2014-09-22 13:52:00', 'admin', '1', 'TEMP');
insert into T_INV_LOCATION (ID, WAREHOUSE_ID, PROCESS_CODE, LOCATION_NAME, LOCATION_X, LOCATION_Y, LOCATION_Z, CREATE_TIME, CREATE_USER_CODE, MODIFY_TIME, MODIFY_USER_CODE, ORG_CODE, TYPE) values ('3f7c1b93-29d3-427b-97b7-7e9d5bc88ab8', '617a1626-6556-46c0-aeef-5f21d60597bf', 'IRRADITION', '临时库位', null, null, null, TIMESTAMP '2014-09-22 13:52:00', 'admin', TIMESTAMP '2014-09-22 13:52:00', 'admin', '1', 'TEMP');
insert into T_INV_LOCATION (ID, WAREHOUSE_ID, PROCESS_CODE, LOCATION_NAME, LOCATION_X, LOCATION_Y, LOCATION_Z, CREATE_TIME, CREATE_USER_CODE, MODIFY_TIME, MODIFY_USER_CODE, ORG_CODE, TYPE) values ('9db2dc5a-7fca-4c9a-8168-3fb578d361c9', '617a1626-6556-46c0-aeef-5f21d60597bf', 'RESPOOL', '临时库位', null, null, null, TIMESTAMP '2014-09-22 13:52:00', 'admin', TIMESTAMP '2014-09-22 13:52:00', 'admin', '1', 'TEMP');
insert into T_INV_LOCATION (ID, WAREHOUSE_ID, PROCESS_CODE, LOCATION_NAME, LOCATION_X, LOCATION_Y, LOCATION_Z, CREATE_TIME, CREATE_USER_CODE, MODIFY_TIME, MODIFY_USER_CODE, ORG_CODE, TYPE) values ('6d702693-232e-42b0-a2d2-00df6cecb774', '617a1626-6556-46c0-aeef-5f21d60597bf', 'PRINT', '临时库位', null, null, null, TIMESTAMP '2014-09-22 13:52:00', 'admin', TIMESTAMP '2014-09-22 13:52:00', 'admin', '1', 'TEMP');
insert into T_INV_LOCATION (ID, WAREHOUSE_ID, PROCESS_CODE, LOCATION_NAME, LOCATION_X, LOCATION_Y, LOCATION_Z, CREATE_TIME, CREATE_USER_CODE, MODIFY_TIME, MODIFY_USER_CODE, ORG_CODE, TYPE) values ('4fc9a096-b65c-47a7-b39c-93fe6d0f14e5', '617a1626-6556-46c0-aeef-5f21d60597bf', 'STRIPE', '临时库位', null, null, null, TIMESTAMP '2014-09-22 13:52:00', 'admin', TIMESTAMP '2014-09-22 13:52:00', 'admin', '1', 'TEMP');
insert into T_INV_LOCATION (ID, WAREHOUSE_ID, PROCESS_CODE, LOCATION_NAME, LOCATION_X, LOCATION_Y, LOCATION_Z, CREATE_TIME, CREATE_USER_CODE, MODIFY_TIME, MODIFY_USER_CODE, ORG_CODE, TYPE) values ('eb87c51c-60a4-44ec-90c6-00a58ae463a0', '617a1626-6556-46c0-aeef-5f21d60597bf', 'TWISTING', '临时库位', null, null, null, TIMESTAMP '2014-09-22 13:52:00', 'admin', TIMESTAMP '2014-09-22 13:52:00', 'admin', '1', 'TEMP');
insert into T_INV_LOCATION (ID, WAREHOUSE_ID, PROCESS_CODE, LOCATION_NAME, LOCATION_X, LOCATION_Y, LOCATION_Z, CREATE_TIME, CREATE_USER_CODE, MODIFY_TIME, MODIFY_USER_CODE, ORG_CODE, TYPE) values ('b6a54672-fcf7-4ca6-b2d8-ee2b6e4dbd95', '617a1626-6556-46c0-aeef-5f21d60597bf', 'CABLING', '临时库位', null, null, null, TIMESTAMP '2014-09-22 13:52:00', 'admin', TIMESTAMP '2014-09-22 13:52:00', 'admin', '1', 'TEMP');
insert into T_INV_LOCATION (ID, WAREHOUSE_ID, PROCESS_CODE, LOCATION_NAME, LOCATION_X, LOCATION_Y, LOCATION_Z, CREATE_TIME, CREATE_USER_CODE, MODIFY_TIME, MODIFY_USER_CODE, ORG_CODE, TYPE) values ('946bdbd0-6a8f-44fa-9714-6b2c95a8076c', '617a1626-6556-46c0-aeef-5f21d60597bf', 'MATCHING_RESPOOLING', '临时库位', null, null, null, TIMESTAMP '2014-09-22 13:52:00', 'admin', TIMESTAMP '2014-09-22 13:52:00', 'admin', '1', 'TEMP');
insert into T_INV_LOCATION (ID, WAREHOUSE_ID, PROCESS_CODE, LOCATION_NAME, LOCATION_X, LOCATION_Y, LOCATION_Z, CREATE_TIME, CREATE_USER_CODE, MODIFY_TIME, MODIFY_USER_CODE, ORG_CODE, TYPE) values ('3bb95de9-be4b-4e1d-aa81-17d73cda800e', '617a1626-6556-46c0-aeef-5f21d60597bf', 'BRAIDING', '临时库位', null, null, null, TIMESTAMP '2014-09-22 13:52:00', 'admin', TIMESTAMP '2014-09-22 13:52:00', 'admin', '1', 'TEMP');
insert into T_INV_LOCATION (ID, WAREHOUSE_ID, PROCESS_CODE, LOCATION_NAME, LOCATION_X, LOCATION_Y, LOCATION_Z, CREATE_TIME, CREATE_USER_CODE, MODIFY_TIME, MODIFY_USER_CODE, ORG_CODE, TYPE) values ('0848f722-af91-4090-a866-d6d77695b1a2', '617a1626-6556-46c0-aeef-5f21d60597bf', 'JACKET_EXTRUSION', '临时库位', null, null, null, TIMESTAMP '2014-09-22 13:52:00', 'admin', TIMESTAMP '2014-09-22 13:52:00', 'admin', '1', 'TEMP');
insert into T_INV_LOCATION (ID, WAREHOUSE_ID, PROCESS_CODE, LOCATION_NAME, LOCATION_X, LOCATION_Y, LOCATION_Z, CREATE_TIME, CREATE_USER_CODE, MODIFY_TIME, MODIFY_USER_CODE, ORG_CODE, TYPE) values ('9273bf16-b353-42a8-8ca8-5eac7ffd25c5', '617a1626-6556-46c0-aeef-5f21d60597bf', 'JACKET_TAPEWRAP', '临时库位', null, null, null, TIMESTAMP '2014-09-22 13:52:00', 'admin', TIMESTAMP '2014-09-22 13:52:00', 'admin', '1', 'TEMP');
insert into T_INV_LOCATION (ID, WAREHOUSE_ID, PROCESS_CODE, LOCATION_NAME, LOCATION_X, LOCATION_Y, LOCATION_Z, CREATE_TIME, CREATE_USER_CODE, MODIFY_TIME, MODIFY_USER_CODE, ORG_CODE, TYPE) values ('ca719548-eeb3-43e6-a5bf-4dc84830171d', '617a1626-6556-46c0-aeef-5f21d60597bf', 'SHAOJIE', '临时库位', null, null, null, TIMESTAMP '2014-09-22 13:52:00', 'admin', TIMESTAMP '2014-09-22 13:52:00', 'admin', '1', 'TEMP');
insert into T_INV_LOCATION (ID, WAREHOUSE_ID, PROCESS_CODE, LOCATION_NAME, LOCATION_X, LOCATION_Y, LOCATION_Z, CREATE_TIME, CREATE_USER_CODE, MODIFY_TIME, MODIFY_USER_CODE, ORG_CODE, TYPE) values ('9921c96c-ff46-46e0-8b85-9019eb9a7267', '617a1626-6556-46c0-aeef-5f21d60597bf', 'JIANYAN', '临时库位', null, null, null, TIMESTAMP '2014-09-22 13:52:00', 'admin', TIMESTAMP '2014-09-22 13:52:00', 'admin', '1', 'TEMP');
insert into T_INV_LOCATION (ID, WAREHOUSE_ID, PROCESS_CODE, LOCATION_NAME, LOCATION_X, LOCATION_Y, LOCATION_Z, CREATE_TIME, CREATE_USER_CODE, MODIFY_TIME, MODIFY_USER_CODE, ORG_CODE, TYPE) values ('f3ced505-2e2a-447c-be33-cd5455d39a4f', '617a1626-6556-46c0-aeef-5f21d60597bf', 'KAIZHUANG', '临时库位', null, null, null, TIMESTAMP '2014-09-22 13:52:00', 'admin', TIMESTAMP '2014-09-22 13:52:00', 'admin', '1', 'TEMP');
insert into T_INV_LOCATION (ID, WAREHOUSE_ID, PROCESS_CODE, LOCATION_NAME, LOCATION_X, LOCATION_Y, LOCATION_Z, CREATE_TIME, CREATE_USER_CODE, MODIFY_TIME, MODIFY_USER_CODE, ORG_CODE, TYPE) values ('03d7c9ce-b68f-495e-98b3-975d99ace9a0', '617a1626-6556-46c0-aeef-5f21d60597bf', 'KAIZHUANG_PT', '临时库位', null, null, null, TIMESTAMP '2014-09-22 13:52:01', 'admin', TIMESTAMP '2014-09-22 13:52:01', 'admin', '1', 'TEMP');
insert into T_INV_LOCATION (ID, WAREHOUSE_ID, PROCESS_CODE, LOCATION_NAME, LOCATION_X, LOCATION_Y, LOCATION_Z, CREATE_TIME, CREATE_USER_CODE, MODIFY_TIME, MODIFY_USER_CODE, ORG_CODE, TYPE) values ('1bc9bd6c-0fa0-4193-9e88-e8849b750ae6', '617a1626-6556-46c0-aeef-5f21d60597bf', 'FENPING', '临时库位', null, null, null, TIMESTAMP '2014-09-22 13:52:01', 'admin', TIMESTAMP '2014-09-22 13:52:01', 'admin', '1', 'TEMP');
insert into T_INV_LOCATION (ID, WAREHOUSE_ID, PROCESS_CODE, LOCATION_NAME, LOCATION_X, LOCATION_Y, LOCATION_Z, CREATE_TIME, CREATE_USER_CODE, MODIFY_TIME, MODIFY_USER_CODE, ORG_CODE, TYPE) values ('e93d5739-6502-40f4-a15e-f702aba39a03', '617a1626-6556-46c0-aeef-5f21d60597bf', 'ZONGPING', '临时库位', null, null, null, TIMESTAMP '2014-09-22 13:52:01', 'admin', TIMESTAMP '2014-09-22 13:52:01', 'admin', '1', 'TEMP');
insert into T_INV_LOCATION (ID, WAREHOUSE_ID, PROCESS_CODE, LOCATION_NAME, LOCATION_X, LOCATION_Y, LOCATION_Z, CREATE_TIME, CREATE_USER_CODE, MODIFY_TIME, MODIFY_USER_CODE, ORG_CODE, TYPE) values ('fff7eb6c-71e4-4457-8365-2ff70ef77785', '617a1626-6556-46c0-aeef-5f21d60597bf', 'PINGBI', '临时库位', null, null, null, TIMESTAMP '2014-09-22 13:52:01', 'admin', TIMESTAMP '2014-09-22 13:52:01', 'admin', '1', 'TEMP');
insert into T_INV_LOCATION (ID, WAREHOUSE_ID, PROCESS_CODE, LOCATION_NAME, LOCATION_X, LOCATION_Y, LOCATION_Z, CREATE_TIME, CREATE_USER_CODE, MODIFY_TIME, MODIFY_USER_CODE, ORG_CODE, TYPE) values ('04a7bed1-1420-47e0-9c5a-660f750ca7f4', '617a1626-6556-46c0-aeef-5f21d60597bf', 'JIAOLIAN', '临时库位', null, null, null, TIMESTAMP '2014-09-22 13:52:01', 'admin', TIMESTAMP '2014-09-22 13:52:01', 'admin', '1', 'TEMP');
insert into T_INV_LOCATION (ID, WAREHOUSE_ID, PROCESS_CODE, LOCATION_NAME, LOCATION_X, LOCATION_Y, LOCATION_Z, CREATE_TIME, CREATE_USER_CODE, MODIFY_TIME, MODIFY_USER_CODE, ORG_CODE, TYPE) values ('efe136b3-2a28-456a-80e0-288290b2c44a', '617a1626-6556-46c0-aeef-5f21d60597bf', '-1', '成品库', null, null, null, TIMESTAMP '2014-09-22 13:52:01', 'admin', TIMESTAMP '2014-09-22 13:52:01', 'admin', '1', 'STORE');

INSERT INTO T_INV_TEMPLET (ID, NAME, "DESC", CREATE_TIME, CREATE_USER_CODE, MODIFY_TIME, MODIFY_USER_CODE, ORG_CODE) VALUES ('1', '模板1', null, sysdate, 'admin', sysdate, 'admin', '1');

--系统参数
 insert into T_BAS_PROPERTIES (ID, KEY_K, VALUE_V, DESCRIPTION, STATUS, CREATE_USER_CODE, CREATE_TIME, MODIFY_USER_CODE, MODIFY_TIME) values ('poolThreadCount', 'poolThreadCount', '10', '线程池数', '1', 'admin', TIMESTAMP '2014-12-09 18:20:47', 'admin', TIMESTAMP '2014-12-09 18:20:47');
insert into T_BAS_PROPERTIES (ID, KEY_K, VALUE_V, DESCRIPTION, STATUS, CREATE_USER_CODE, CREATE_TIME, MODIFY_USER_CODE, MODIFY_TIME) values ('menuMaxDepth', 'menuMaxDepth', '4', '菜单最大深度', '1', 'admin', TIMESTAMP '2014-12-09 18:07:32', 'admin', TIMESTAMP '2014-12-09 18:07:32');
insert into T_BAS_PROPERTIES (ID, KEY_K, VALUE_V, DESCRIPTION, STATUS, CREATE_USER_CODE, CREATE_TIME, MODIFY_USER_CODE, MODIFY_TIME) values ('attachmentPath', 'attachmentPath', 'D:/', '服务器上传路径', '1', 'admin', TIMESTAMP '2014-12-09 18:07:32', 'admin', TIMESTAMP '2014-12-09 18:07:32');
insert into T_BAS_PROPERTIES (ID, KEY_K, VALUE_V, DESCRIPTION, STATUS, CREATE_USER_CODE, CREATE_TIME, MODIFY_USER_CODE, MODIFY_TIME) values ('ww.opc.domain.name', 'ww.opc.domain.name', 'ame.org.cn', 'OPC服务器所在域名，如果有的话', '1', 'admin', TIMESTAMP '2014-07-11 15:47:35', 'admin', TIMESTAMP '2014-07-11 15:47:35');
insert into T_BAS_PROPERTIES (ID, KEY_K, VALUE_V, DESCRIPTION, STATUS, CREATE_USER_CODE, CREATE_TIME, MODIFY_USER_CODE, MODIFY_TIME) values ('ww.opc.group.name', 'ww.opc.group.name', 'BS', 'opc服务组名', '1', 'admin', TIMESTAMP '2014-07-11 15:47:35', 'admin', TIMESTAMP '2014-07-11 15:47:35');
insert into T_BAS_PROPERTIES (ID, KEY_K, VALUE_V, DESCRIPTION, STATUS, CREATE_USER_CODE, CREATE_TIME, MODIFY_USER_CODE, MODIFY_TIME) values ('ww.opc.login.password', 'ww.opc.login.password', 'root', 'opc服务认证密码，如果是有域，用域用户密码', '1', 'admin', TIMESTAMP '2014-07-11 15:47:35', 'admin', TIMESTAMP '2014-07-11 15:47:35');
insert into T_BAS_PROPERTIES (ID, KEY_K, VALUE_V, DESCRIPTION, STATUS, CREATE_USER_CODE, CREATE_TIME, MODIFY_USER_CODE, MODIFY_TIME) values ('ww.opc.login.user', 'ww.opc.login.user', 'admin', 'opc服务认证用户，如果是有域，用域用户', '1', 'admin', TIMESTAMP '2014-07-11 15:47:35', 'admin', TIMESTAMP '2014-07-11 15:47:35');
insert into T_BAS_PROPERTIES (ID, KEY_K, VALUE_V, DESCRIPTION, STATUS, CREATE_USER_CODE, CREATE_TIME, MODIFY_USER_CODE, MODIFY_TIME) values ('ww.opc.server.host', 'ww.opc.server.host', '172.168.0.84', 'opc服务器地址', '1', 'admin', TIMESTAMP '2014-07-11 15:47:35', 'admin', TIMESTAMP '2014-07-11 15:47:35');
insert into T_BAS_PROPERTIES (ID, KEY_K, VALUE_V, DESCRIPTION, STATUS, CREATE_USER_CODE, CREATE_TIME, MODIFY_USER_CODE, MODIFY_TIME) values ('ww.opc.server.name', 'ww.opc.server.name', 'ArchestrA.FSGateway.3', 'opc服务名', '1', 'admin', TIMESTAMP '2014-07-11 15:47:35', 'admin', TIMESTAMP '2014-07-11 15:47:35');
insert into T_BAS_PROPERTIES (ID, KEY_K, VALUE_V, DESCRIPTION, STATUS, CREATE_USER_CODE, CREATE_TIME, MODIFY_USER_CODE, MODIFY_TIME) values ('mail.host', 'mail.host', 'smtp.163.com', '邮件服务地址', '1', 'admin', TIMESTAMP '2014-12-09 18:07:32', 'admin', TIMESTAMP '2014-12-09 18:07:32');
insert into T_BAS_PROPERTIES (ID, KEY_K, VALUE_V, DESCRIPTION, STATUS, CREATE_USER_CODE, CREATE_TIME, MODIFY_USER_CODE, MODIFY_TIME) values ('mail.username', 'mail.username', 'bsdlmes@163.com', '邮件服务用户名', '1', 'admin', TIMESTAMP '2014-12-09 18:07:32', 'admin', TIMESTAMP '2014-12-09 18:07:32');
insert into T_BAS_PROPERTIES (ID, KEY_K, VALUE_V, DESCRIPTION, STATUS, CREATE_USER_CODE, CREATE_TIME, MODIFY_USER_CODE, MODIFY_TIME) values ('mail.password', 'mail.password', 'bsdlmestest', '邮件服务密码', '1', 'admin', TIMESTAMP '2014-12-09 18:07:32', 'admin', TIMESTAMP '2014-12-09 18:07:32');
insert into T_BAS_PROPERTIES (ID, KEY_K, VALUE_V, DESCRIPTION, STATUS, CREATE_USER_CODE, CREATE_TIME, MODIFY_USER_CODE, MODIFY_TIME) values ('mail.default.from', 'mail.default.from', 'bsdlmes@163.com', '邮件默认发送地址', '1', 'admin', TIMESTAMP '2014-12-09 18:07:32', 'admin', TIMESTAMP '2014-12-09 18:07:32');
insert into T_BAS_PROPERTIES (ID, KEY_K, VALUE_V, DESCRIPTION, STATUS, CREATE_USER_CODE, CREATE_TIME, MODIFY_USER_CODE, MODIFY_TIME) values ('mail.smtp.auth', 'mail.smtp.auth', 'true', '邮件服务验证方式', '1', 'admin', TIMESTAMP '2014-12-09 18:07:32', 'admin', TIMESTAMP '2014-12-09 18:07:32');
insert into T_BAS_PROPERTIES (ID, KEY_K, VALUE_V, DESCRIPTION, STATUS, CREATE_USER_CODE, CREATE_TIME, MODIFY_USER_CODE, MODIFY_TIME) values ('521b3684-1486-4f72-80b8-fabbe65274f2', 'maxExportLine', '5000', '最大导出行数', '1', 'admin', TIMESTAMP '2014-12-09 18:07:32', 'admin', TIMESTAMP '2014-12-09 18:07:32');


INSERT INTO T_BAS_SYSTEM_PARAM_CONFIG (ID, CODE, NAME, VALUE, TYPE, DESCRIPTION, CREATE_USER_CODE, CREATE_TIME, MODIFY_USER_CODE, MODIFY_TIME, STATUS, ORG_CODE) VALUES ('34b2ec70-b6f2-4219-be88-d49842332243', 'fac.alarm.timeAhead', '设备维修预警天数', '1', null, null, 'admin', sysdate, 'admin', sysdate, '1', '1');
INSERT INTO T_BAS_SYSTEM_PARAM_CONFIG (ID, CODE, NAME, VALUE, TYPE, DESCRIPTION, CREATE_USER_CODE, CREATE_TIME, MODIFY_USER_CODE, MODIFY_TIME, STATUS, ORG_CODE) VALUES ('34b2ec70-b6f2-4219-be88-1d4842323423', 'fac.alarm.runtimeAhead', '设备维修预警小时数（按运行时间）', '1', null, null, 'admin', sysdate, 'admin', sysdate, '1', '1');
INSERT INTO T_BAS_SYSTEM_PARAM_CONFIG (ID, CODE, NAME, VALUE, TYPE, DESCRIPTION, CREATE_USER_CODE, CREATE_TIME, MODIFY_USER_CODE, MODIFY_TIME, STATUS, ORG_CODE) VALUES ('34b2ec70-b6f2-4219-be88-d49842334283', 'fac.alarm.timeLateToAlarm', '生产延期预警阀值（小时）', '3', null, null, 'admin', sysdate, 'admin', sysdate, '1', '1');
INSERT INTO T_BAS_SYSTEM_PARAM_CONFIG (ID, CODE, NAME, VALUE, TYPE, DESCRIPTION, CREATE_USER_CODE, CREATE_TIME, MODIFY_USER_CODE, MODIFY_TIME, STATUS, ORG_CODE) VALUES ('34b2ec70-b6f2-4219-be88-d49842332303', 'plan.schedule.daysToSchedule', '精细排程工作日数', '3', null, null, 'admin', sysdate, 'admin', sysdate, '1', '1');
INSERT INTO T_BAS_SYSTEM_PARAM_CONFIG (ID, CODE, NAME, VALUE, TYPE, DESCRIPTION, CREATE_USER_CODE, CREATE_TIME, MODIFY_USER_CODE, MODIFY_TIME, STATUS, ORG_CODE) VALUES ('34b2ec70-b6f2-4219-be88-d49842332302', 'plan.schedule.alldays', '精细排程订单天数', '10', null, null, 'admin', sysdate, 'admin', sysdate, '1', '1');
INSERT INTO T_BAS_SYSTEM_PARAM_CONFIG (ID, CODE, NAME, VALUE, TYPE, DESCRIPTION, CREATE_USER_CODE, CREATE_TIME, MODIFY_USER_CODE, MODIFY_TIME, STATUS, ORG_CODE) VALUES ('34b2ec70-b6f2-4219-be88-d49842332301', 'plan.schedule.bottleJudge', '瓶颈判定阀值（小时）', '1', null, null, 'admin', sysdate, 'admin', sysdate, '1', '1');
INSERT INTO T_BAS_SYSTEM_PARAM_CONFIG (ID, CODE, NAME, VALUE, TYPE, DESCRIPTION, CREATE_USER_CODE, CREATE_TIME, MODIFY_USER_CODE, MODIFY_TIME, STATUS, ORG_CODE) values ('34b2ec70-b6f2-4219-be88-d4984233230b', 'wastePercent', '浪费百分比', '0.1', null, null, 'admin', TIMESTAMP '2014-06-04 16:25:01', 'admin', TIMESTAMP '2014-06-04 16:25:01', '1', '1');
INSERT INTO T_BAS_SYSTEM_PARAM_CONFIG (ID, CODE, NAME, VALUE, TYPE, DESCRIPTION, CREATE_USER_CODE, CREATE_TIME, MODIFY_USER_CODE, MODIFY_TIME, STATUS, ORG_CODE) values ('ac011192-897e-4fdc-ae65-5260b5d2f306', 'wasteLength', '浪费长度', '50', null, null, 'admin', TIMESTAMP '2014-06-04 16:26:23', 'admin', TIMESTAMP '2014-06-04 16:26:23', '1', '1');
insert into T_BAS_SYSTEM_PARAM_CONFIG (ID, CODE, NAME, VALUE, TYPE, DESCRIPTION, CREATE_USER_CODE, CREATE_TIME, MODIFY_USER_CODE, MODIFY_TIME, STATUS, ORG_CODE) values ('bafdf7a2-3ca9-40a8-97c2-fa38c4088482', 'middleCheckInterval', '设备中间检时间间隔(分钟)', '30', null, null, 'admin', TIMESTAMP '2014-07-03 11:29:32', 'admin', TIMESTAMP '2014-07-03 11:29:55', '1', '1');

--用户、组织
INSERT INTO T_BAS_ORG (ID, ORG_CODE, NAME, PARENT_ID, PARENT_CODE, TYPE, STATUS, DESCRIPTION, CREATE_USER_CODE, CREATE_TIME, MODIFY_USER_CODE, MODIFY_TIME) VALUES ('f1484640-6e69-43fc-b218-78068c06224f', '1', 'admin', '-1', '1', '1', '0', '1', 'admin', sysdate, 'admin', sysdate);
insert into T_BAS_EMPLOYEE (ID, NAME, USER_CODE, ORG_CODE, TOP_ORG_CODE, TELEPHONE, EMAIL, SOURCES, CREATE_USER_CODE, CREATE_TIME, MODIFY_USER_CODE, MODIFY_TIME, CERTIFICATE) values ('809f0faa-e838-492f-a9cc-9eb4c8acb6f8', '操作员', '121001', '1', '1', null, null, null, 'admin', TIMESTAMP '2014-12-12 10:14:45', 'admin', TIMESTAMP '2014-12-12 10:14:45', 'DB');
insert into T_BAS_EMPLOYEE (ID, NAME, USER_CODE, ORG_CODE, TOP_ORG_CODE, TELEPHONE, EMAIL, SOURCES, CREATE_USER_CODE, CREATE_TIME, MODIFY_USER_CODE, MODIFY_TIME, CERTIFICATE) values ('1', 'admin', 'admin', '1', '1', 'sfd', 'bsdlmes@163.com', null, 'admin', TIMESTAMP '2014-05-14 15:16:09', 'admin', TIMESTAMP '2014-05-22 17:09:26', null);

--宝胜演示基础数据
insert into T_BAS_EMPLOYEE (ID, NAME, USER_CODE, ORG_CODE, TOP_ORG_CODE, TELEPHONE, EMAIL, SOURCES, CREATE_USER_CODE, CREATE_TIME, MODIFY_USER_CODE, MODIFY_TIME, CERTIFICATE) values ('05ce4336-3155-4659-b6c3-956d22507544', '虚拟工厂测试用户2', '121003', '1', '1', null, null, null, 'admin', '12-12月-14 01.28.33.863000 下午', 'admin', '16-12月-14 02.27.47.266000 下午', 'DB');
insert into T_BAS_EMPLOYEE (ID, NAME, USER_CODE, ORG_CODE, TOP_ORG_CODE, TELEPHONE, EMAIL, SOURCES, CREATE_USER_CODE, CREATE_TIME, MODIFY_USER_CODE, MODIFY_TIME, CERTIFICATE) values ('2ee720f3-7edf-4794-b018-14000bf7c3c1', '设备维护工', '121004', '1', '1', null, null, null, 'admin', '17-12月-14 08.54.49.435000 上午', 'admin', '17-12月-14 08.54.49.435000 上午', 'DB');
insert into T_BAS_EMPLOYEE (ID, NAME, USER_CODE, ORG_CODE, TOP_ORG_CODE, TELEPHONE, EMAIL, SOURCES, CREATE_USER_CODE, CREATE_TIME, MODIFY_USER_CODE, MODIFY_TIME, CERTIFICATE) values ('83837c92-8e6b-4e99-8e72-a77541e0cf1b', '虚拟工厂测试用户', '121002', '1', '1', null, null, null, 'admin', '12-12月-14 01.27.42.361000 下午', 'admin', '16-12月-14 02.27.39.675000 下午', 'DB');
insert into T_BAS_EMPLOYEE (ID, NAME, USER_CODE, ORG_CODE, TOP_ORG_CODE, TELEPHONE, EMAIL, SOURCES, CREATE_USER_CODE, CREATE_TIME, MODIFY_USER_CODE, MODIFY_TIME, CERTIFICATE) values ('93425a04-0f76-42b3-a9f4-c991fa6f071a', '质量员', '121005', '1', '1', null, null, null, 'admin', '17-12月-14 08.55.16.016000 上午', 'admin', '17-12月-14 08.56.25.059000 上午', 'DB');
insert into T_BAS_EMPLOYEE (ID, NAME, USER_CODE, ORG_CODE, TOP_ORG_CODE, TELEPHONE, EMAIL, SOURCES, CREATE_USER_CODE, CREATE_TIME, MODIFY_USER_CODE, MODIFY_TIME, CERTIFICATE) values ('8bb155cf-7277-4da6-9396-4bcf9ddb82ad', '王昊', '121006', '1', '1', null, null, null, 'admin', '17-12月-14 08.55.45.569000 上午', 'admin', '17-12月-14 08.55.45.569000 上午', 'DB');
insert into T_BAS_EMPLOYEE (ID, NAME, USER_CODE, ORG_CODE, TOP_ORG_CODE, TELEPHONE, EMAIL, SOURCES, CREATE_USER_CODE, CREATE_TIME, MODIFY_USER_CODE, MODIFY_TIME, CERTIFICATE) values ('8ea51023-d904-42d9-889d-eef5aa938c6b', '徐斌', '121007', '1', '1', null, null, null, 'admin', '17-12月-14 08.56.19.767000 上午', 'admin', '17-12月-14 08.56.19.767000 上午', 'DB');
insert into T_BAS_EMPLOYEE (ID, NAME, USER_CODE, ORG_CODE, TOP_ORG_CODE, TELEPHONE, EMAIL, SOURCES, CREATE_USER_CODE, CREATE_TIME, MODIFY_USER_CODE, MODIFY_TIME, CERTIFICATE) values ('7fe13c54-face-42e3-acf7-906ed38f3aaf', '唐总', '121008', '1', '1', null, null, null, 'admin', '17-12月-14 08.56.58.605000 上午', 'admin', '17-12月-14 08.56.58.605000 上午', 'DB');

insert into T_BAS_USER (ID, USER_CODE, PASSWORD, STATUS, HASH_USER_CODE, CREATE_USER_CODE, CREATE_TIME, MODIFY_USER_CODE, MODIFY_TIME, SUPPLEMENTARY) values ('0fc0699f-6071-48c9-a11b-5ccf07842be1', '121002', 'e10adc3949ba59abbe56e057f20f883e', '1', null, 'admin', '16-12月-14 02.28.13.135000 下午', 'admin', '16-12月-14 02.28.13.135000 下午', null);
insert into T_BAS_USER (ID, USER_CODE, PASSWORD, STATUS, HASH_USER_CODE, CREATE_USER_CODE, CREATE_TIME, MODIFY_USER_CODE, MODIFY_TIME, SUPPLEMENTARY) values ('3c23545a-23cf-4f77-b827-a10401a0162f', '121003', 'e10adc3949ba59abbe56e057f20f883e', '1', null, 'admin', '16-12月-14 02.28.19.590000 下午', 'admin', '16-12月-14 02.28.19.590000 下午', null);
insert into T_BAS_USER (ID, USER_CODE, PASSWORD, STATUS, HASH_USER_CODE, CREATE_USER_CODE, CREATE_TIME, MODIFY_USER_CODE, MODIFY_TIME, SUPPLEMENTARY) values ('56681f85-924e-4f7a-ab83-f964fda47b0e', '121004', 'e10adc3949ba59abbe56e057f20f883e', '1', null, 'admin', '17-12月-14 08.58.03.409000 上午', 'admin', '17-12月-14 08.58.03.409000 上午', null);
insert into T_BAS_USER (ID, USER_CODE, PASSWORD, STATUS, HASH_USER_CODE, CREATE_USER_CODE, CREATE_TIME, MODIFY_USER_CODE, MODIFY_TIME, SUPPLEMENTARY) values ('1de63fc3-ad00-4aa0-bf14-57b1a8e8f10a', '121006', 'e10adc3949ba59abbe56e057f20f883e', '1', null, 'admin', '17-12月-14 08.58.08.844000 上午', 'admin', '17-12月-14 08.58.08.844000 上午', null);
insert into T_BAS_USER (ID, USER_CODE, PASSWORD, STATUS, HASH_USER_CODE, CREATE_USER_CODE, CREATE_TIME, MODIFY_USER_CODE, MODIFY_TIME, SUPPLEMENTARY) values ('d752f0bc-ac31-4f36-9a94-a0e1ab24ee5e', '121007', 'e10adc3949ba59abbe56e057f20f883e', '1', null, 'admin', '17-12月-14 08.58.14.620000 上午', 'admin', '17-12月-14 08.58.14.620000 上午', null);
insert into T_BAS_USER (ID, USER_CODE, PASSWORD, STATUS, HASH_USER_CODE, CREATE_USER_CODE, CREATE_TIME, MODIFY_USER_CODE, MODIFY_TIME, SUPPLEMENTARY) values ('dce2b684-a874-4b80-97d6-d17d81dfcbc7', '121005', 'e10adc3949ba59abbe56e057f20f883e', '1', null, 'admin', '17-12月-14 08.58.19.743000 上午', 'admin', '17-12月-14 08.58.19.743000 上午', null);
insert into T_BAS_USER (ID, USER_CODE, PASSWORD, STATUS, HASH_USER_CODE, CREATE_USER_CODE, CREATE_TIME, MODIFY_USER_CODE, MODIFY_TIME, SUPPLEMENTARY) values ('72065254-9a93-442a-b952-60e3a558d356', '121008', 'e10adc3949ba59abbe56e057f20f883e', '1', null, 'admin', '17-12月-14 08.57.57.747000 上午', 'admin', '17-12月-14 08.57.57.747000 上午', null);

insert into T_BAS_USER_ROLE (ID, USER_ID, ROLE_ID, CREATE_USER_CODE, CREATE_TIME, MODIFY_USER_CODE, MODIFY_TIME) values ('b7f5f4bf-1e46-45e2-bf7d-88f634388d9e', '0fc0699f-6071-48c9-a11b-5ccf07842be1', 'cce26b6a-165f-4975-8fcf-62e8edde87a4', 'admin', '16-12月-14 02.28.40.529000 下午', 'admin', '16-12月-14 02.28.40.529000 下午');
insert into T_BAS_USER_ROLE (ID, USER_ID, ROLE_ID, CREATE_USER_CODE, CREATE_TIME, MODIFY_USER_CODE, MODIFY_TIME) values ('0d9407fe-dc89-4eec-82cd-f1883c50c391', '3c23545a-23cf-4f77-b827-a10401a0162f', 'cce26b6a-165f-4975-8fcf-62e8edde87a4', 'admin', '16-12月-14 02.28.27.928000 下午', 'admin', '16-12月-14 02.28.27.928000 下午');
insert into T_BAS_USER_ROLE (ID, USER_ID, ROLE_ID, CREATE_USER_CODE, CREATE_TIME, MODIFY_USER_CODE, MODIFY_TIME) values ('875c1359-5d3f-4076-864d-ceaff5290b31', '64a48988-35ff-4544-b634-1d390de846e7', '37a97088-45de-4172-8e68-27911357335a', 'admin', '17-12月-14 08.58.54.167000 上午', 'admin', '17-12月-14 08.58.54.167000 上午');
insert into T_BAS_USER_ROLE (ID, USER_ID, ROLE_ID, CREATE_USER_CODE, CREATE_TIME, MODIFY_USER_CODE, MODIFY_TIME) values ('1c7372ae-5263-47b1-9938-127d85e2d76b', '64a48988-35ff-4544-b634-1d390de846e7', 'cce26b6a-165f-4975-8fcf-62e8edde87a4', 'admin', '12-12月-14 10.16.43.789000 上午', 'admin', '12-12月-14 10.16.43.789000 上午');
insert into T_BAS_USER_ROLE (ID, USER_ID, ROLE_ID, CREATE_USER_CODE, CREATE_TIME, MODIFY_USER_CODE, MODIFY_TIME) values ('ba679ad4-28d4-4789-abb8-8030fdb08e3d', '56681f85-924e-4f7a-ab83-f964fda47b0e', '37a97088-45de-4172-8e68-27911357335a', 'admin', '17-12月-14 08.59.26.407000 上午', 'admin', '17-12月-14 08.59.26.407000 上午');
insert into T_BAS_USER_ROLE (ID, USER_ID, ROLE_ID, CREATE_USER_CODE, CREATE_TIME, MODIFY_USER_CODE, MODIFY_TIME) values ('9fce0eda-2cf0-4078-81a0-9f17c01da889', 'dce2b684-a874-4b80-97d6-d17d81dfcbc7', '37a97088-45de-4172-8e68-27911357335a', 'admin', '17-12月-14 08.59.38.796000 上午', 'admin', '17-12月-14 08.59.38.796000 上午');
insert into T_BAS_USER_ROLE (ID, USER_ID, ROLE_ID, CREATE_USER_CODE, CREATE_TIME, MODIFY_USER_CODE, MODIFY_TIME) values ('e1916097-b64d-4e83-b1d3-901e0bf0c1fe', '1de63fc3-ad00-4aa0-bf14-57b1a8e8f10a', '37a97088-45de-4172-8e68-27911357335a', 'admin', '17-12月-14 08.59.46.596000 上午', 'admin', '17-12月-14 08.59.46.596000 上午');
insert into T_BAS_USER_ROLE (ID, USER_ID, ROLE_ID, CREATE_USER_CODE, CREATE_TIME, MODIFY_USER_CODE, MODIFY_TIME) values ('26458387-67dd-4d58-82c0-4a9168f2b567', 'd752f0bc-ac31-4f36-9a94-a0e1ab24ee5e', '37a97088-45de-4172-8e68-27911357335a', 'admin', '17-12月-14 08.59.57.145000 上午', 'admin', '17-12月-14 08.59.57.145000 上午');
insert into T_BAS_USER_ROLE (ID, USER_ID, ROLE_ID, CREATE_USER_CODE, CREATE_TIME, MODIFY_USER_CODE, MODIFY_TIME) values ('52f325a0-63b0-42ad-abda-79e2f6543c0f', '72065254-9a93-442a-b952-60e3a558d356', '37a97088-45de-4172-8e68-27911357335a', 'admin', '17-12月-14 09.00.07.524000 上午', 'admin', '17-12月-14 09.00.07.524000 上午');
insert into T_BAS_USER_ROLE (ID, USER_ID, ROLE_ID, CREATE_USER_CODE, CREATE_TIME, MODIFY_USER_CODE, MODIFY_TIME) values ('1', '1', '37a97088-45de-4172-8e68-27911357335a', 'admin', TIMESTAMP '2014-12-12 10:08:20', 'admin', TIMESTAMP '2014-12-12 10:08:20');

insert into T_BAS_USER (ID, USER_CODE, PASSWORD, STATUS, HASH_USER_CODE, CREATE_USER_CODE, CREATE_TIME, MODIFY_USER_CODE, MODIFY_TIME, SUPPLEMENTARY) values ('64a48988-35ff-4544-b634-1d390de846e7', '121001', 'e10adc3949ba59abbe56e057f20f883e', '1', null, 'admin', TIMESTAMP '2014-12-12 10:14:59', 'admin', TIMESTAMP '2014-12-12 10:14:59', null);
insert into T_BAS_USER (ID, USER_CODE, PASSWORD, STATUS, HASH_USER_CODE, CREATE_USER_CODE, CREATE_TIME, MODIFY_USER_CODE, MODIFY_TIME, SUPPLEMENTARY) values ('1', 'admin', '21232f297a57a5a743894a0e4a801fc3', '1', null, 'admin', TIMESTAMP '2014-12-12 10:08:20', 'admin', TIMESTAMP '2014-12-12 10:08:20', null);

insert into T_EVE_EVENT_PROCESSER (ID, PROCESSER, TYPE, CREATE_USER_CODE, CREATE_TIME, MODIFY_USER_CODE, MODIFY_TIME, EVENT_PROCESS_ID, EVENT_TYPE_ID) values ('c4dc1aa7-a601-42ed-8274-5da46c657549', '121007', 'USER', 'admin', '17-12月-14 09.01.58.741000 上午', 'admin', '17-12月-14 09.01.58.741000 上午', '17e27a56-712e-4a37-9085-77c47e7f1ea1', '4');
insert into T_EVE_EVENT_PROCESSER (ID, PROCESSER, TYPE, CREATE_USER_CODE, CREATE_TIME, MODIFY_USER_CODE, MODIFY_TIME, EVENT_PROCESS_ID, EVENT_TYPE_ID) values ('42ab1f12-e99d-4200-a225-d67662cda0d8', '121006', 'USER', 'admin', '17-12月-14 09.03.33.118000 上午', 'admin', '17-12月-14 09.03.33.118000 上午', '4a4161aa-4e27-47ef-a208-0b349a011fbc', '2');
insert into T_EVE_EVENT_PROCESSER (ID, PROCESSER, TYPE, CREATE_USER_CODE, CREATE_TIME, MODIFY_USER_CODE, MODIFY_TIME, EVENT_PROCESS_ID, EVENT_TYPE_ID) values ('4e8f543f-8a27-495e-a98a-c1fa04c6dc42', '121008', 'USER', 'admin', '17-12月-14 09.04.58.628000 上午', 'admin', '17-12月-14 09.04.58.628000 上午', 'd229d80d-18c3-4d68-8b0d-101ed5517881', '2');
insert into T_EVE_EVENT_PROCESSER (ID, PROCESSER, TYPE, CREATE_USER_CODE, CREATE_TIME, MODIFY_USER_CODE, MODIFY_TIME, EVENT_PROCESS_ID, EVENT_TYPE_ID) values ('6ac8191e-4cb2-4f85-8148-6a903d0357e2', '121004', 'USER', 'admin', '17-12月-14 09.05.28.662000 上午', 'admin', '17-12月-14 09.05.28.662000 上午', 'f145fdfe-cc02-44e3-acce-48cc4850e6fb', '914e3d9a-022e-41a7-a1bf-3aae0a029a4e');
insert into T_EVE_EVENT_PROCESSER (ID, PROCESSER, TYPE, CREATE_USER_CODE, CREATE_TIME, MODIFY_USER_CODE, MODIFY_TIME, EVENT_PROCESS_ID, EVENT_TYPE_ID) values ('f80d7695-130a-44bb-aa53-faaff9afed1d', '121006', 'USER', 'admin', '17-12月-14 09.05.44.635000 上午', 'admin', '17-12月-14 09.05.44.635000 上午', '4a35e9d0-f98a-4fa3-87b3-e6693ee97fde', '914e3d9a-022e-41a7-a1bf-3aae0a029a4e');
insert into T_EVE_EVENT_PROCESSER (ID, PROCESSER, TYPE, CREATE_USER_CODE, CREATE_TIME, MODIFY_USER_CODE, MODIFY_TIME, EVENT_PROCESS_ID, EVENT_TYPE_ID) values ('d25d224a-ea1a-4c74-9e92-4ab0d40a2067', '121007', 'USER', 'admin', '17-12月-14 09.06.35.530000 上午', 'admin', '17-12月-14 09.06.35.530000 上午', '8e4b7e48-a626-4dc8-9894-a8b002767316', '3');
insert into T_EVE_EVENT_PROCESSER (ID, PROCESSER, TYPE, CREATE_USER_CODE, CREATE_TIME, MODIFY_USER_CODE, MODIFY_TIME, EVENT_PROCESS_ID, EVENT_TYPE_ID) values ('d090c889-2eea-44a1-910a-eea76a8c5e53', '121007', 'USER', 'admin', '17-12月-14 09.07.47.910000 上午', 'admin', '17-12月-14 09.07.47.910000 上午', '4a35e9d0-f98a-4fa3-87b3-e6693ee97fde', '914e3d9a-022e-41a7-a1bf-3aae0a029a4e');
insert into T_EVE_EVENT_PROCESSER (ID, PROCESSER, TYPE, CREATE_USER_CODE, CREATE_TIME, MODIFY_USER_CODE, MODIFY_TIME, EVENT_PROCESS_ID, EVENT_TYPE_ID) values ('3fc62a71-841b-489e-b945-342f4f82ccee', '121004', 'USER', 'admin', '17-12月-14 09.01.01.239000 上午', 'admin', '17-12月-14 09.01.01.239000 上午', 'd18ca089-f1aa-49fd-8257-93363d5e54c7', '4');
insert into T_EVE_EVENT_PROCESSER (ID, PROCESSER, TYPE, CREATE_USER_CODE, CREATE_TIME, MODIFY_USER_CODE, MODIFY_TIME, EVENT_PROCESS_ID, EVENT_TYPE_ID) values ('8889905e-5e71-4b2b-acef-461d733acf0b', '121006', 'USER', 'admin', '17-12月-14 09.01.39.427000 上午', 'admin', '17-12月-14 09.01.39.427000 上午', 'a0eb8c1a-dbed-451e-af18-cb9c97cf4e09', '4');
insert into T_EVE_EVENT_PROCESSER (ID, PROCESSER, TYPE, CREATE_USER_CODE, CREATE_TIME, MODIFY_USER_CODE, MODIFY_TIME, EVENT_PROCESS_ID, EVENT_TYPE_ID) values ('91ea9889-215d-47a1-ba33-cb97bad33889', '121008', 'USER', 'admin', '17-12月-14 09.02.14.353000 上午', 'admin', '17-12月-14 09.02.14.353000 上午', '0444b47f-0a8d-4982-afe8-ac9767e71f76', '4');
insert into T_EVE_EVENT_PROCESSER (ID, PROCESSER, TYPE, CREATE_USER_CODE, CREATE_TIME, MODIFY_USER_CODE, MODIFY_TIME, EVENT_PROCESS_ID, EVENT_TYPE_ID) values ('9ead6262-4a7e-45c5-9e87-1a4138703fd0', '121005', 'USER', 'admin', '17-12月-14 09.03.19.536000 上午', 'admin', '17-12月-14 09.03.19.536000 上午', '36b18894-991a-4374-be08-08605dfcfa51', '2');
insert into T_EVE_EVENT_PROCESSER (ID, PROCESSER, TYPE, CREATE_USER_CODE, CREATE_TIME, MODIFY_USER_CODE, MODIFY_TIME, EVENT_PROCESS_ID, EVENT_TYPE_ID) values ('87246d8e-abc5-4cbc-b244-100a50577700', '121007', 'USER', 'admin', '17-12月-14 09.04.17.294000 上午', 'admin', '17-12月-14 09.04.17.294000 上午', '6d25a4a7-3a96-451e-a64f-83dc4f483097', '2');
insert into T_EVE_EVENT_PROCESSER (ID, PROCESSER, TYPE, CREATE_USER_CODE, CREATE_TIME, MODIFY_USER_CODE, MODIFY_TIME, EVENT_PROCESS_ID, EVENT_TYPE_ID) values ('bb557f5e-07c4-470f-9688-04b73a1962bc', '121001', 'USER', 'admin', '17-12月-14 09.06.17.472000 上午', 'admin', '17-12月-14 09.06.17.472000 上午', '09eaa1d1-a9d5-4dad-ac99-e7311603aed7', '3');
insert into T_EVE_EVENT_PROCESSER (ID, PROCESSER, TYPE, CREATE_USER_CODE, CREATE_TIME, MODIFY_USER_CODE, MODIFY_TIME, EVENT_PROCESS_ID, EVENT_TYPE_ID) values ('7194109b-f96a-43c8-a191-11e292cbe0bd', '121005', 'USER', 'admin', '17-12月-14 09.07.00.619000 上午', 'admin', '17-12月-14 09.07.00.619000 上午', '315061af-4926-4606-a81f-6077555e9552', '1');
insert into T_EVE_EVENT_PROCESSER (ID, PROCESSER, TYPE, CREATE_USER_CODE, CREATE_TIME, MODIFY_USER_CODE, MODIFY_TIME, EVENT_PROCESS_ID, EVENT_TYPE_ID) values ('9e41a8eb-7573-4c30-ba33-fbfebeb9a1e9', '121006', 'USER', 'admin', '17-12月-14 09.07.18.078000 上午', 'admin', '17-12月-14 09.07.18.078000 上午', '725909b1-e332-4b4b-b4db-2a52685926e7', '1');
insert into T_EVE_EVENT_PROCESSER (ID, PROCESSER, TYPE, CREATE_USER_CODE, CREATE_TIME, MODIFY_USER_CODE, MODIFY_TIME, EVENT_PROCESS_ID, EVENT_TYPE_ID) values ('5f3bea24-59b2-40da-b520-6bd5a0483d45', '121001', 'USER', 'admin', '17-12月-14 09.08.24.576000 上午', 'admin', '17-12月-14 09.08.24.576000 上午', '9d532a0b-ebaa-4688-996e-91a7338a3bae', '5');

insert into T_EVE_EVENT_PROCESS (ID, EVENT_TYPE_ID, PROCESS_SEQ, PROCESS_TYPE, CREATE_USER_CODE, CREATE_TIME, MODIFY_USER_CODE, MODIFY_TIME, STEP_INTERVAL, STATUS) values ('d18ca089-f1aa-49fd-8257-93363d5e54c7', '4', 1, 'MESSAGE', 'admin', '12-12月-14 04.35.49.490000 下午', 'admin', '17-12月-14 09.00.36.987000 上午', 2.00, '1');
insert into T_EVE_EVENT_PROCESS (ID, EVENT_TYPE_ID, PROCESS_SEQ, PROCESS_TYPE, CREATE_USER_CODE, CREATE_TIME, MODIFY_USER_CODE, MODIFY_TIME, STEP_INTERVAL, STATUS) values ('f145fdfe-cc02-44e3-acce-48cc4850e6fb', '914e3d9a-022e-41a7-a1bf-3aae0a029a4e', 1, 'MESSAGE', 'admin', '17-12月-14 08.52.37.055000 上午', 'admin', '17-12月-14 08.52.50.005000 上午', 0.00, '1');
insert into T_EVE_EVENT_PROCESS (ID, EVENT_TYPE_ID, PROCESS_SEQ, PROCESS_TYPE, CREATE_USER_CODE, CREATE_TIME, MODIFY_USER_CODE, MODIFY_TIME, STEP_INTERVAL, STATUS) values ('a0eb8c1a-dbed-451e-af18-cb9c97cf4e09', '4', 2, 'MESSAGE', 'admin', '17-12月-14 09.01.19.423000 上午', 'admin', '17-12月-14 09.01.19.423000 上午', 2.00, '1');
insert into T_EVE_EVENT_PROCESS (ID, EVENT_TYPE_ID, PROCESS_SEQ, PROCESS_TYPE, CREATE_USER_CODE, CREATE_TIME, MODIFY_USER_CODE, MODIFY_TIME, STEP_INTERVAL, STATUS) values ('17e27a56-712e-4a37-9085-77c47e7f1ea1', '4', 3, 'MESSAGE', 'admin', '17-12月-14 09.01.49.842000 上午', 'admin', '17-12月-14 09.01.49.842000 上午', 2.00, '1');
insert into T_EVE_EVENT_PROCESS (ID, EVENT_TYPE_ID, PROCESS_SEQ, PROCESS_TYPE, CREATE_USER_CODE, CREATE_TIME, MODIFY_USER_CODE, MODIFY_TIME, STEP_INTERVAL, STATUS) values ('0444b47f-0a8d-4982-afe8-ac9767e71f76', '4', 4, 'MESSAGE', 'admin', '17-12月-14 09.02.06.943000 上午', 'admin', '17-12月-14 09.02.06.943000 上午', 2.00, '1');
insert into T_EVE_EVENT_PROCESS (ID, EVENT_TYPE_ID, PROCESS_SEQ, PROCESS_TYPE, CREATE_USER_CODE, CREATE_TIME, MODIFY_USER_CODE, MODIFY_TIME, STEP_INTERVAL, STATUS) values ('4a4161aa-4e27-47ef-a208-0b349a011fbc', '2', 2, 'MESSAGE', 'admin', '17-12月-14 09.03.25.351000 上午', 'admin', '17-12月-14 09.03.25.351000 上午', 2.00, '1');
insert into T_EVE_EVENT_PROCESS (ID, EVENT_TYPE_ID, PROCESS_SEQ, PROCESS_TYPE, CREATE_USER_CODE, CREATE_TIME, MODIFY_USER_CODE, MODIFY_TIME, STEP_INTERVAL, STATUS) values ('315061af-4926-4606-a81f-6077555e9552', '1', 1, 'MESSAGE', 'admin', '17-12月-14 09.06.51.469000 上午', 'admin', '17-12月-14 09.06.51.469000 上午', 0.00, '1');
insert into T_EVE_EVENT_PROCESS (ID, EVENT_TYPE_ID, PROCESS_SEQ, PROCESS_TYPE, CREATE_USER_CODE, CREATE_TIME, MODIFY_USER_CODE, MODIFY_TIME, STEP_INTERVAL, STATUS) values ('4a35e9d0-f98a-4fa3-87b3-e6693ee97fde', '914e3d9a-022e-41a7-a1bf-3aae0a029a4e', 2, 'MESSAGE', 'admin', '17-12月-14 08.52.59.279000 上午', 'admin', '17-12月-14 08.52.59.279000 上午', 2.00, '1');
insert into T_EVE_EVENT_PROCESS (ID, EVENT_TYPE_ID, PROCESS_SEQ, PROCESS_TYPE, CREATE_USER_CODE, CREATE_TIME, MODIFY_USER_CODE, MODIFY_TIME, STEP_INTERVAL, STATUS) values ('36b18894-991a-4374-be08-08605dfcfa51', '2', 1, 'MESSAGE', 'admin', '17-12月-14 09.03.04.740000 上午', 'admin', '17-12月-14 09.03.04.740000 上午', 2.00, '1');
insert into T_EVE_EVENT_PROCESS (ID, EVENT_TYPE_ID, PROCESS_SEQ, PROCESS_TYPE, CREATE_USER_CODE, CREATE_TIME, MODIFY_USER_CODE, MODIFY_TIME, STEP_INTERVAL, STATUS) values ('6d25a4a7-3a96-451e-a64f-83dc4f483097', '2', 3, 'MESSAGE', 'admin', '17-12月-14 09.03.46.221000 上午', 'admin', '17-12月-14 09.03.46.221000 上午', 2.00, '1');
insert into T_EVE_EVENT_PROCESS (ID, EVENT_TYPE_ID, PROCESS_SEQ, PROCESS_TYPE, CREATE_USER_CODE, CREATE_TIME, MODIFY_USER_CODE, MODIFY_TIME, STEP_INTERVAL, STATUS) values ('d229d80d-18c3-4d68-8b0d-101ed5517881', '2', 4, 'MESSAGE', 'admin', '17-12月-14 09.04.30.901000 上午', 'admin', '17-12月-14 09.04.30.901000 上午', 2.00, '1');
insert into T_EVE_EVENT_PROCESS (ID, EVENT_TYPE_ID, PROCESS_SEQ, PROCESS_TYPE, CREATE_USER_CODE, CREATE_TIME, MODIFY_USER_CODE, MODIFY_TIME, STEP_INTERVAL, STATUS) values ('09eaa1d1-a9d5-4dad-ac99-e7311603aed7', '3', 1, 'MESSAGE', 'admin', '17-12月-14 09.06.03.022000 上午', 'admin', '17-12月-14 09.06.03.022000 上午', 0.00, '1');
insert into T_EVE_EVENT_PROCESS (ID, EVENT_TYPE_ID, PROCESS_SEQ, PROCESS_TYPE, CREATE_USER_CODE, CREATE_TIME, MODIFY_USER_CODE, MODIFY_TIME, STEP_INTERVAL, STATUS) values ('8e4b7e48-a626-4dc8-9894-a8b002767316', '3', 2, 'MESSAGE', 'admin', '17-12月-14 09.06.27.027000 上午', 'admin', '17-12月-14 09.06.27.027000 上午', 2.00, '1');
insert into T_EVE_EVENT_PROCESS (ID, EVENT_TYPE_ID, PROCESS_SEQ, PROCESS_TYPE, CREATE_USER_CODE, CREATE_TIME, MODIFY_USER_CODE, MODIFY_TIME, STEP_INTERVAL, STATUS) values ('725909b1-e332-4b4b-b4db-2a52685926e7', '1', 2, 'MESSAGE', 'admin', '17-12月-14 09.07.07.242000 上午', 'admin', '17-12月-14 09.07.07.242000 上午', 2.00, '1');
insert into T_EVE_EVENT_PROCESS (ID, EVENT_TYPE_ID, PROCESS_SEQ, PROCESS_TYPE, CREATE_USER_CODE, CREATE_TIME, MODIFY_USER_CODE, MODIFY_TIME, STEP_INTERVAL, STATUS) values ('9d532a0b-ebaa-4688-996e-91a7338a3bae', '5', 1, 'MESSAGE', 'admin', '17-12月-14 09.08.06.331000 上午', 'admin', '17-12月-14 09.08.06.331000 上午', 0.00, '1');


insert into T_BAS_ROLE (ID, CODE, NAME, ORG_CODE, DESCRIPTION, CREATE_USER_CODE, CREATE_TIME, MODIFY_USER_CODE, MODIFY_TIME) values ('6e09eb99-25dd-4fed-b394-0d9222eacb00', 'VF_EMPLOYEE', '人员监控', '1', '数字工厂权限', 'admin', TIMESTAMP '2014-12-12 13:32:49', 'admin', TIMESTAMP '2014-12-12 13:32:49');
insert into T_BAS_ROLE (ID, CODE, NAME, ORG_CODE, DESCRIPTION, CREATE_USER_CODE, CREATE_TIME, MODIFY_USER_CODE, MODIFY_TIME) values ('ef88e433-0399-4aa8-b976-ddc55dbe2cb7', 'VF_STATUS', '状态监控', '1', '数字工厂权限', 'admin', TIMESTAMP '2014-12-12 13:33:25', 'admin', TIMESTAMP '2014-12-12 13:33:25');
insert into T_BAS_ROLE (ID, CODE, NAME, ORG_CODE, DESCRIPTION, CREATE_USER_CODE, CREATE_TIME, MODIFY_USER_CODE, MODIFY_TIME) values ('714fa5ef-76c3-48bd-bd60-d2978d46a21f', 'VF_PRO', '生产进度', '1', '数字工厂权限', 'admin', TIMESTAMP '2014-12-12 13:33:55', 'admin', TIMESTAMP '2014-12-12 13:33:55');
insert into T_BAS_ROLE (ID, CODE, NAME, ORG_CODE, DESCRIPTION, CREATE_USER_CODE, CREATE_TIME, MODIFY_USER_CODE, MODIFY_TIME) values ('1c15b9ac-819b-4a05-b5e3-3c93189f69c3', 'VF_EQUIP', '设备维修', '1', '数字工厂权限', 'admin', TIMESTAMP '2014-12-12 13:34:30', 'admin', TIMESTAMP '2014-12-12 13:34:30');
insert into T_BAS_ROLE (ID, CODE, NAME, ORG_CODE, DESCRIPTION, CREATE_USER_CODE, CREATE_TIME, MODIFY_USER_CODE, MODIFY_TIME) values ('68d8b3ef-5c44-4764-ac47-d6a32179671a', 'VF_MAIN', '首页', '1', '数字工厂权限', 'admin', TIMESTAMP '2014-12-12 13:34:55', 'admin', TIMESTAMP '2014-12-12 13:34:55');
insert into T_BAS_ROLE (ID, CODE, NAME, ORG_CODE, DESCRIPTION, CREATE_USER_CODE, CREATE_TIME, MODIFY_USER_CODE, MODIFY_TIME) values ('37a97088-45de-4172-8e68-27911357335a', 'ADMIN', '管理员', '1', '管理员', 'admin', TIMESTAMP '2014-12-12 10:08:20', 'admin', TIMESTAMP '2014-12-12 13:35:34');
insert into T_BAS_ROLE (ID, CODE, NAME, ORG_CODE, DESCRIPTION, CREATE_USER_CODE, CREATE_TIME, MODIFY_USER_CODE, MODIFY_TIME) values ('0456f33e-18f8-4d7b-b0d7-6ce78aa5737c', 'TEST', '检测', '1', '检测', 'admin', TIMESTAMP '2014-12-12 10:08:20', 'admin', TIMESTAMP '2014-12-12 13:35:19');
insert into T_BAS_ROLE (ID, CODE, NAME, ORG_CODE, DESCRIPTION, CREATE_USER_CODE, CREATE_TIME, MODIFY_USER_CODE, MODIFY_TIME) values ('a2caf3f3-9658-4900-bd63-f9da5cd2784f', 'DBA', 'DBA', '1', 'DBA', 'admin', TIMESTAMP '2014-12-12 10:08:20', 'admin', TIMESTAMP '2014-12-12 13:35:07');
insert into T_BAS_ROLE (ID, CODE, NAME, ORG_CODE, DESCRIPTION, CREATE_USER_CODE, CREATE_TIME, MODIFY_USER_CODE, MODIFY_TIME) values ('cce26b6a-165f-4975-8fcf-62e8edde87a4', 'TEST2', '测试', '1', '测试', 'admin', TIMESTAMP '2014-12-12 10:08:20', 'admin', TIMESTAMP '2014-12-12 13:35:46');

insert into T_BAS_ROLE_RESOURCE (ID, ROLE_ID, RESOURCE_ID, ROLE_QUERY, ROLE_CREATE, ROLE_DELETE, ROLE_EDIT, ROLE_ADVANCED, CREATE_USER_CODE, CREATE_TIME, MODIFY_USER_CODE, MODIFY_TIME) values ('63', '37a97088-45de-4172-8e68-27911357335a', '1a58ffd9-e229-474c-afdf-6278b47e79ee', '1', '1', '1', '1', '1', 'admin', TIMESTAMP '2014-05-13 17:53:25', 'admin', TIMESTAMP '2014-05-13 17:53:25');
insert into T_BAS_ROLE_RESOURCE (ID, ROLE_ID, RESOURCE_ID, ROLE_QUERY, ROLE_CREATE, ROLE_DELETE, ROLE_EDIT, ROLE_ADVANCED, CREATE_USER_CODE, CREATE_TIME, MODIFY_USER_CODE, MODIFY_TIME) values ('65', '37a97088-45de-4172-8e68-27911357335a', '54cac273-7405-4014-a8ff-6e687a4a82a3', '1', '1', '1', '1', '1', 'admin', TIMESTAMP '2014-05-13 17:53:26', 'admin', TIMESTAMP '2014-05-13 17:53:26');
insert into T_BAS_ROLE_RESOURCE (ID, ROLE_ID, RESOURCE_ID, ROLE_QUERY, ROLE_CREATE, ROLE_DELETE, ROLE_EDIT, ROLE_ADVANCED, CREATE_USER_CODE, CREATE_TIME, MODIFY_USER_CODE, MODIFY_TIME) values ('66', '37a97088-45de-4172-8e68-27911357335a', '9597dc64-aea4-42ba-9d1d-3ec7708ca199', '1', '1', '1', '1', '1', 'admin', TIMESTAMP '2014-05-13 17:53:26', 'admin', TIMESTAMP '2014-05-13 17:53:26');
insert into T_BAS_ROLE_RESOURCE (ID, ROLE_ID, RESOURCE_ID, ROLE_QUERY, ROLE_CREATE, ROLE_DELETE, ROLE_EDIT, ROLE_ADVANCED, CREATE_USER_CODE, CREATE_TIME, MODIFY_USER_CODE, MODIFY_TIME) values ('67', '37a97088-45de-4172-8e68-27911357335a', '9de05eea-019a-4f95-835a-ee4d369e4135', '1', '1', '1', '1', '1', 'admin', TIMESTAMP '2014-05-13 17:53:26', 'admin', TIMESTAMP '2014-05-13 17:53:26');
insert into T_BAS_ROLE_RESOURCE (ID, ROLE_ID, RESOURCE_ID, ROLE_QUERY, ROLE_CREATE, ROLE_DELETE, ROLE_EDIT, ROLE_ADVANCED, CREATE_USER_CODE, CREATE_TIME, MODIFY_USER_CODE, MODIFY_TIME) values ('68', '37a97088-45de-4172-8e68-27911357335a', '1', '1', '1', '1', '1', '1', 'admin', TIMESTAMP '2014-05-13 17:53:26', 'admin', TIMESTAMP '2014-09-22 09:14:21');
insert into T_BAS_ROLE_RESOURCE (ID, ROLE_ID, RESOURCE_ID, ROLE_QUERY, ROLE_CREATE, ROLE_DELETE, ROLE_EDIT, ROLE_ADVANCED, CREATE_USER_CODE, CREATE_TIME, MODIFY_USER_CODE, MODIFY_TIME) values ('69', '37a97088-45de-4172-8e68-27911357335a', '2', '1', '1', '1', '1', '1', 'admin', TIMESTAMP '2014-05-13 17:53:26', 'admin', TIMESTAMP '2014-09-22 09:14:21');
insert into T_BAS_ROLE_RESOURCE (ID, ROLE_ID, RESOURCE_ID, ROLE_QUERY, ROLE_CREATE, ROLE_DELETE, ROLE_EDIT, ROLE_ADVANCED, CREATE_USER_CODE, CREATE_TIME, MODIFY_USER_CODE, MODIFY_TIME) values ('6f489a45-87a9-463f-bd3f-2012c1e40d27', '37a97088-45de-4172-8e68-27911357335a', 'ef0316c3-8ab0-4a67-ba47-cdd16241db4d', '1', '1', '1', '1', '1', 'admin', TIMESTAMP '2014-09-19 15:01:36', 'admin', TIMESTAMP '2014-09-19 15:01:36');
insert into T_BAS_ROLE_RESOURCE (ID, ROLE_ID, RESOURCE_ID, ROLE_QUERY, ROLE_CREATE, ROLE_DELETE, ROLE_EDIT, ROLE_ADVANCED, CREATE_USER_CODE, CREATE_TIME, MODIFY_USER_CODE, MODIFY_TIME) values ('480f93b6-f17e-4926-a955-8962aad07c80', '37a97088-45de-4172-8e68-27911357335a', '7ab8fb28-f472-4e1a-aaac-fcf7835a705a', '1', '1', '1', '1', '1', 'admin', TIMESTAMP '2014-09-10 15:50:40', 'admin', TIMESTAMP '2014-09-10 15:50:40');
insert into T_BAS_ROLE_RESOURCE (ID, ROLE_ID, RESOURCE_ID, ROLE_QUERY, ROLE_CREATE, ROLE_DELETE, ROLE_EDIT, ROLE_ADVANCED, CREATE_USER_CODE, CREATE_TIME, MODIFY_USER_CODE, MODIFY_TIME) values ('9b9535d4-72be-4f19-b39e-6c7a7de369d5', '37a97088-45de-4172-8e68-27911357335a', 'abaa4586-8ab1-417a-a488-1e3403ee17aa', '1', '1', '1', '1', '1', 'admin', TIMESTAMP '2014-09-10 17:05:52', 'admin', TIMESTAMP '2014-09-10 17:06:40');
insert into T_BAS_ROLE_RESOURCE (ID, ROLE_ID, RESOURCE_ID, ROLE_QUERY, ROLE_CREATE, ROLE_DELETE, ROLE_EDIT, ROLE_ADVANCED, CREATE_USER_CODE, CREATE_TIME, MODIFY_USER_CODE, MODIFY_TIME) values ('725770d9-1853-4507-98d0-cf07ea734fd2', '37a97088-45de-4172-8e68-27911357335a', 'abaa4586-8ab1-417a-a488-1e3403ee17ab', '1', '1', '1', '1', '1', 'admin', TIMESTAMP '2014-09-10 17:05:55', 'admin', TIMESTAMP '2014-09-10 17:06:40');
insert into T_BAS_ROLE_RESOURCE (ID, ROLE_ID, RESOURCE_ID, ROLE_QUERY, ROLE_CREATE, ROLE_DELETE, ROLE_EDIT, ROLE_ADVANCED, CREATE_USER_CODE, CREATE_TIME, MODIFY_USER_CODE, MODIFY_TIME) values ('2242bcb1-dc9a-454e-9665-2fa77610360c', '37a97088-45de-4172-8e68-27911357335a', 'abaa4586-8ab1-417a-a488-1e3403ee17zbg', '1', '1', '1', '1', '1', 'admin', TIMESTAMP '2014-09-10 17:05:55', 'admin', TIMESTAMP '2014-09-10 17:06:40');
insert into T_BAS_ROLE_RESOURCE (ID, ROLE_ID, RESOURCE_ID, ROLE_QUERY, ROLE_CREATE, ROLE_DELETE, ROLE_EDIT, ROLE_ADVANCED, CREATE_USER_CODE, CREATE_TIME, MODIFY_USER_CODE, MODIFY_TIME) values ('9298395f-c216-4f6e-8bcd-a8e93e4c38ed', '37a97088-45de-4172-8e68-27911357335a', '48838153-e549-4b32-bc17-62ffdb0500cc', '1', '1', '1', '1', '1', 'admin', TIMESTAMP '2014-09-10 17:05:55', 'admin', TIMESTAMP '2014-09-10 17:06:40');
insert into T_BAS_ROLE_RESOURCE (ID, ROLE_ID, RESOURCE_ID, ROLE_QUERY, ROLE_CREATE, ROLE_DELETE, ROLE_EDIT, ROLE_ADVANCED, CREATE_USER_CODE, CREATE_TIME, MODIFY_USER_CODE, MODIFY_TIME) values ('c32b424f-bc53-4960-8f06-0a93bed4d05b', '37a97088-45de-4172-8e68-27911357335a', 'abaa4586-8ab1-417a-a488-1e3403ee17ac', '1', '1', '1', '1', '1', 'admin', TIMESTAMP '2014-09-10 17:05:55', 'admin', TIMESTAMP '2014-09-10 17:06:40');
insert into T_BAS_ROLE_RESOURCE (ID, ROLE_ID, RESOURCE_ID, ROLE_QUERY, ROLE_CREATE, ROLE_DELETE, ROLE_EDIT, ROLE_ADVANCED, CREATE_USER_CODE, CREATE_TIME, MODIFY_USER_CODE, MODIFY_TIME) values ('4d217446-aff5-4445-85c4-c1f0eabfc737', '37a97088-45de-4172-8e68-27911357335a', '5d6eede2-145e-4d48-b099-dd8c6f8be632', '1', '0', '0', '0', '0', 'admin', TIMESTAMP '2014-09-19 14:42:58', 'admin', TIMESTAMP '2014-09-19 14:42:58');
insert into T_BAS_ROLE_RESOURCE (ID, ROLE_ID, RESOURCE_ID, ROLE_QUERY, ROLE_CREATE, ROLE_DELETE, ROLE_EDIT, ROLE_ADVANCED, CREATE_USER_CODE, CREATE_TIME, MODIFY_USER_CODE, MODIFY_TIME) values ('ee642fc8-bf8c-44ff-b544-2d7f5a7f6e50', '37a97088-45de-4172-8e68-27911357335a', '4589ecc8-60a4-4b7e-b669-3b9d7026ab74', '1', '0', '0', '0', '0', 'admin', TIMESTAMP '2014-09-22 09:14:20', 'admin', TIMESTAMP '2014-09-22 09:14:20');
insert into T_BAS_ROLE_RESOURCE (ID, ROLE_ID, RESOURCE_ID, ROLE_QUERY, ROLE_CREATE, ROLE_DELETE, ROLE_EDIT, ROLE_ADVANCED, CREATE_USER_CODE, CREATE_TIME, MODIFY_USER_CODE, MODIFY_TIME) values ('7d048973-0880-4850-b8d9-f3b5245a7ae7', '37a97088-45de-4172-8e68-27911357335a', 'b665a3ab-819f-4753-be0c-29340ea207f8', '1', '0', '0', '0', '0', 'admin', TIMESTAMP '2014-09-22 09:14:20', 'admin', TIMESTAMP '2014-09-22 09:14:20');
insert into T_BAS_ROLE_RESOURCE (ID, ROLE_ID, RESOURCE_ID, ROLE_QUERY, ROLE_CREATE, ROLE_DELETE, ROLE_EDIT, ROLE_ADVANCED, CREATE_USER_CODE, CREATE_TIME, MODIFY_USER_CODE, MODIFY_TIME) values ('dd240e54-be2a-4daa-be2e-62a81765fbeb', '37a97088-45de-4172-8e68-27911357335a', '5bfd928d-5a06-45fe-b635-d252bbeed6b0', '1', '0', '0', '0', '0', 'admin', TIMESTAMP '2014-09-22 09:14:19', 'admin', TIMESTAMP '2014-09-22 09:14:19');
insert into T_BAS_ROLE_RESOURCE (ID, ROLE_ID, RESOURCE_ID, ROLE_QUERY, ROLE_CREATE, ROLE_DELETE, ROLE_EDIT, ROLE_ADVANCED, CREATE_USER_CODE, CREATE_TIME, MODIFY_USER_CODE, MODIFY_TIME) values ('673ad548-570e-49b1-8b9d-791ad3d179fe', '37a97088-45de-4172-8e68-27911357335a', 'cdacff1a-af07-405a-b6aa-d3854d052463', '1', '0', '0', '0', '0', 'admin', TIMESTAMP '2014-09-22 09:14:20', 'admin', TIMESTAMP '2014-09-22 09:14:20');
insert into T_BAS_ROLE_RESOURCE (ID, ROLE_ID, RESOURCE_ID, ROLE_QUERY, ROLE_CREATE, ROLE_DELETE, ROLE_EDIT, ROLE_ADVANCED, CREATE_USER_CODE, CREATE_TIME, MODIFY_USER_CODE, MODIFY_TIME) values ('5eeb1f87-00e0-4c2f-a2a4-531872d89112', '37a97088-45de-4172-8e68-27911357335a', '4b109c4b-044e-4ea7-9faf-a49ebcf4a2f3', '1', '0', '0', '0', '0', 'admin', TIMESTAMP '2014-09-22 09:14:21', 'admin', TIMESTAMP '2014-09-22 09:14:21');
insert into T_BAS_ROLE_RESOURCE (ID, ROLE_ID, RESOURCE_ID, ROLE_QUERY, ROLE_CREATE, ROLE_DELETE, ROLE_EDIT, ROLE_ADVANCED, CREATE_USER_CODE, CREATE_TIME, MODIFY_USER_CODE, MODIFY_TIME) values ('92743d7e-ee12-471a-9a26-aaacc25117f4', '37a97088-45de-4172-8e68-27911357335a', '105c153d-e8b7-4746-abce-2990a517d6df', '1', '0', '0', '0', '0', 'admin', TIMESTAMP '2014-09-18 11:09:46', 'admin', TIMESTAMP '2014-09-18 11:09:46');
insert into T_BAS_ROLE_RESOURCE (ID, ROLE_ID, RESOURCE_ID, ROLE_QUERY, ROLE_CREATE, ROLE_DELETE, ROLE_EDIT, ROLE_ADVANCED, CREATE_USER_CODE, CREATE_TIME, MODIFY_USER_CODE, MODIFY_TIME) values ('dd7f389c-7018-4180-9707-81428ddc900d', '37a97088-45de-4172-8e68-27911357335a', '7c335aff-932e-4950-b4df-aa2708902679', '1', '0', '0', '0', '0', 'admin', TIMESTAMP '2014-09-19 09:18:45', 'admin', TIMESTAMP '2014-09-19 09:18:45');
insert into T_BAS_ROLE_RESOURCE (ID, ROLE_ID, RESOURCE_ID, ROLE_QUERY, ROLE_CREATE, ROLE_DELETE, ROLE_EDIT, ROLE_ADVANCED, CREATE_USER_CODE, CREATE_TIME, MODIFY_USER_CODE, MODIFY_TIME) values ('e4e3f725-3d29-48eb-8918-2474f9cc0ed6', '37a97088-45de-4172-8e68-27911357335a', '10b60a0a-79c6-4b8a-abea-398862757e39', '1', '1', '1', '1', '1', 'admin', TIMESTAMP '2014-09-10 15:47:36', 'admin', TIMESTAMP '2014-09-10 15:52:02');
insert into T_BAS_ROLE_RESOURCE (ID, ROLE_ID, RESOURCE_ID, ROLE_QUERY, ROLE_CREATE, ROLE_DELETE, ROLE_EDIT, ROLE_ADVANCED, CREATE_USER_CODE, CREATE_TIME, MODIFY_USER_CODE, MODIFY_TIME) values ('6e855610-6a80-4824-8f16-d035a7678ac2', '37a97088-45de-4172-8e68-27911357335a', '143b6144-a79d-4588-bf0b-8d92ed2dce39', '1', '1', '1', '1', '1', 'admin', TIMESTAMP '2014-09-10 15:47:36', 'admin', TIMESTAMP '2014-09-10 15:51:46');
insert into T_BAS_ROLE_RESOURCE (ID, ROLE_ID, RESOURCE_ID, ROLE_QUERY, ROLE_CREATE, ROLE_DELETE, ROLE_EDIT, ROLE_ADVANCED, CREATE_USER_CODE, CREATE_TIME, MODIFY_USER_CODE, MODIFY_TIME) values ('00eb97c8-b084-44a3-8cba-872567c2bec8', '37a97088-45de-4172-8e68-27911357335a', '0cdcf853-81e4-4976-bcd2-f8ba88725ca1', '1', '1', '1', '1', '1', 'admin', TIMESTAMP '2014-09-10 15:47:37', 'admin', TIMESTAMP '2014-09-10 17:06:40');
insert into T_BAS_ROLE_RESOURCE (ID, ROLE_ID, RESOURCE_ID, ROLE_QUERY, ROLE_CREATE, ROLE_DELETE, ROLE_EDIT, ROLE_ADVANCED, CREATE_USER_CODE, CREATE_TIME, MODIFY_USER_CODE, MODIFY_TIME) values ('e1cf3025-9409-4842-9642-4b568755d8a6', '37a97088-45de-4172-8e68-27911357335a', '4fc47a83-92d0-456a-8964-185fd80e7de0', '1', '1', '1', '1', '1', 'admin', TIMESTAMP '2014-09-10 15:47:37', 'admin', TIMESTAMP '2014-09-10 15:50:42');
insert into T_BAS_ROLE_RESOURCE (ID, ROLE_ID, RESOURCE_ID, ROLE_QUERY, ROLE_CREATE, ROLE_DELETE, ROLE_EDIT, ROLE_ADVANCED, CREATE_USER_CODE, CREATE_TIME, MODIFY_USER_CODE, MODIFY_TIME) values ('d9c22838-9d6d-42a2-881b-905d72135ebf', '37a97088-45de-4172-8e68-27911357335a', 'c5fa6608-6c12-4d7a-b8eb-6fe406acb7f1', '1', '1', '1', '1', '1', 'admin', TIMESTAMP '2014-09-10 15:47:37', 'admin', TIMESTAMP '2014-09-10 15:48:38');
insert into T_BAS_ROLE_RESOURCE (ID, ROLE_ID, RESOURCE_ID, ROLE_QUERY, ROLE_CREATE, ROLE_DELETE, ROLE_EDIT, ROLE_ADVANCED, CREATE_USER_CODE, CREATE_TIME, MODIFY_USER_CODE, MODIFY_TIME) values ('6d40cdbc-3822-4e14-b9b1-7c8b2254ae0d', '37a97088-45de-4172-8e68-27911357335a', '4c9a5ee5-51f4-4fb5-96b4-92605eaaaf42', '1', '1', '1', '1', '1', 'admin', TIMESTAMP '2014-09-10 15:47:38', 'admin', TIMESTAMP '2014-09-10 15:48:39');
insert into T_BAS_ROLE_RESOURCE (ID, ROLE_ID, RESOURCE_ID, ROLE_QUERY, ROLE_CREATE, ROLE_DELETE, ROLE_EDIT, ROLE_ADVANCED, CREATE_USER_CODE, CREATE_TIME, MODIFY_USER_CODE, MODIFY_TIME) values ('82f250d7-8a55-459f-8e39-135673dfdafe', '37a97088-45de-4172-8e68-27911357335a', '2f4abb1e-8cd8-43bf-86a4-154497fd52c6', '1', '1', '1', '1', '1', 'admin', TIMESTAMP '2014-09-10 15:47:36', 'admin', TIMESTAMP '2014-09-19 15:01:36');
insert into T_BAS_ROLE_RESOURCE (ID, ROLE_ID, RESOURCE_ID, ROLE_QUERY, ROLE_CREATE, ROLE_DELETE, ROLE_EDIT, ROLE_ADVANCED, CREATE_USER_CODE, CREATE_TIME, MODIFY_USER_CODE, MODIFY_TIME) values ('657ddbe8-df1a-4ed1-9444-2491efc9ea1d', '37a97088-45de-4172-8e68-27911357335a', '2279316e-5230-410b-abd7-cb7993f67b3e', '1', '1', '1', '1', '1', 'admin', TIMESTAMP '2014-09-10 15:47:38', 'admin', TIMESTAMP '2014-09-10 15:48:39');
insert into T_BAS_ROLE_RESOURCE (ID, ROLE_ID, RESOURCE_ID, ROLE_QUERY, ROLE_CREATE, ROLE_DELETE, ROLE_EDIT, ROLE_ADVANCED, CREATE_USER_CODE, CREATE_TIME, MODIFY_USER_CODE, MODIFY_TIME) values ('aca2f681-6c5e-4bd5-a51c-dd3464fb3416', '37a97088-45de-4172-8e68-27911357335a', 'ea209522-381b-4776-baf6-a4e95ef49bcd', '1', '1', '1', '1', '1', 'admin', TIMESTAMP '2014-09-10 15:47:38', 'admin', TIMESTAMP '2014-09-10 15:48:40');
insert into T_BAS_ROLE_RESOURCE (ID, ROLE_ID, RESOURCE_ID, ROLE_QUERY, ROLE_CREATE, ROLE_DELETE, ROLE_EDIT, ROLE_ADVANCED, CREATE_USER_CODE, CREATE_TIME, MODIFY_USER_CODE, MODIFY_TIME) values ('7c069538-129b-47b7-b957-b34bcc916c56', '37a97088-45de-4172-8e68-27911357335a', '8c2b6c15-8a3e-46a7-b106-6a1ee3518db0', '1', '1', '1', '1', '1', 'admin', TIMESTAMP '2014-09-10 15:47:39', 'admin', TIMESTAMP '2014-09-10 15:48:41');
insert into T_BAS_ROLE_RESOURCE (ID, ROLE_ID, RESOURCE_ID, ROLE_QUERY, ROLE_CREATE, ROLE_DELETE, ROLE_EDIT, ROLE_ADVANCED, CREATE_USER_CODE, CREATE_TIME, MODIFY_USER_CODE, MODIFY_TIME) values ('a8b23190-824e-40ec-b494-4a236a62f5a8', '37a97088-45de-4172-8e68-27911357335a', '6fe3086d-e027-4562-a21c-f02f8958a6ad', '1', '1', '1', '1', '1', 'admin', TIMESTAMP '2014-09-10 15:47:39', 'admin', TIMESTAMP '2014-09-10 15:48:41');
insert into T_BAS_ROLE_RESOURCE (ID, ROLE_ID, RESOURCE_ID, ROLE_QUERY, ROLE_CREATE, ROLE_DELETE, ROLE_EDIT, ROLE_ADVANCED, CREATE_USER_CODE, CREATE_TIME, MODIFY_USER_CODE, MODIFY_TIME) values ('89200c44-9dd8-474a-bb99-5c73c9ad6057', '37a97088-45de-4172-8e68-27911357335a', 'd7bfd0ea-2a7c-4962-b773-03f8e2b8bdcd', '1', '1', '1', '1', '1', 'admin', TIMESTAMP '2014-09-10 15:47:39', 'admin', TIMESTAMP '2014-09-10 15:48:41');
insert into T_BAS_ROLE_RESOURCE (ID, ROLE_ID, RESOURCE_ID, ROLE_QUERY, ROLE_CREATE, ROLE_DELETE, ROLE_EDIT, ROLE_ADVANCED, CREATE_USER_CODE, CREATE_TIME, MODIFY_USER_CODE, MODIFY_TIME) values ('974f7ab2-e604-4b49-ab79-d194665ec645', '37a97088-45de-4172-8e68-27911357335a', 'a1c301af-2cf0-49b9-a779-0733f7a384d0', '1', '1', '1', '1', '1', 'admin', TIMESTAMP '2014-09-10 15:47:40', 'admin', TIMESTAMP '2014-09-10 15:48:42');
insert into T_BAS_ROLE_RESOURCE (ID, ROLE_ID, RESOURCE_ID, ROLE_QUERY, ROLE_CREATE, ROLE_DELETE, ROLE_EDIT, ROLE_ADVANCED, CREATE_USER_CODE, CREATE_TIME, MODIFY_USER_CODE, MODIFY_TIME) values ('bcf2f303-53e8-4a0d-977e-3e28e395b0f5', '37a97088-45de-4172-8e68-27911357335a', '390a8e00-4f26-4ca2-b186-b462538ba6ad', '1', '1', '1', '1', '1', 'admin', TIMESTAMP '2014-09-10 15:47:40', 'admin', TIMESTAMP '2014-09-10 15:48:42');
insert into T_BAS_ROLE_RESOURCE (ID, ROLE_ID, RESOURCE_ID, ROLE_QUERY, ROLE_CREATE, ROLE_DELETE, ROLE_EDIT, ROLE_ADVANCED, CREATE_USER_CODE, CREATE_TIME, MODIFY_USER_CODE, MODIFY_TIME) values ('10f39766-ff33-43fa-805b-a4e482cd2225', '37a97088-45de-4172-8e68-27911357335a', '0dfdb8b5-399a-495a-b8a0-8491c5573a0b', '1', '1', '1', '1', '1', 'admin', TIMESTAMP '2014-09-10 15:47:40', 'admin', TIMESTAMP '2014-09-10 15:48:44');
insert into T_BAS_ROLE_RESOURCE (ID, ROLE_ID, RESOURCE_ID, ROLE_QUERY, ROLE_CREATE, ROLE_DELETE, ROLE_EDIT, ROLE_ADVANCED, CREATE_USER_CODE, CREATE_TIME, MODIFY_USER_CODE, MODIFY_TIME) values ('69313cd5-49c0-418d-a71f-d474d72cab82', '37a97088-45de-4172-8e68-27911357335a', '6c941dda-4224-4f7f-b521-ff844445ee55', '1', '1', '1', '1', '1', 'admin', TIMESTAMP '2014-09-10 15:47:41', 'admin', TIMESTAMP '2014-09-10 15:48:44');
insert into T_BAS_ROLE_RESOURCE (ID, ROLE_ID, RESOURCE_ID, ROLE_QUERY, ROLE_CREATE, ROLE_DELETE, ROLE_EDIT, ROLE_ADVANCED, CREATE_USER_CODE, CREATE_TIME, MODIFY_USER_CODE, MODIFY_TIME) values ('c1325cbf-2202-4377-995f-05422294fb92', '37a97088-45de-4172-8e68-27911357335a', 'a1c6d49b-26f2-4d21-9642-11b38ddc9d69', '1', '1', '1', '1', '1', 'admin', TIMESTAMP '2014-09-10 15:47:41', 'admin', TIMESTAMP '2014-09-10 15:48:44');
insert into T_BAS_ROLE_RESOURCE (ID, ROLE_ID, RESOURCE_ID, ROLE_QUERY, ROLE_CREATE, ROLE_DELETE, ROLE_EDIT, ROLE_ADVANCED, CREATE_USER_CODE, CREATE_TIME, MODIFY_USER_CODE, MODIFY_TIME) values ('9e92a42b-e7bb-48be-8e57-c523fe519b75', '37a97088-45de-4172-8e68-27911357335a', '59db2119-ce67-4a02-bbe2-b396d39a2661', '1', '1', '1', '1', '1', 'admin', TIMESTAMP '2014-09-10 15:47:41', 'admin', TIMESTAMP '2014-09-10 15:48:44');
insert into T_BAS_ROLE_RESOURCE (ID, ROLE_ID, RESOURCE_ID, ROLE_QUERY, ROLE_CREATE, ROLE_DELETE, ROLE_EDIT, ROLE_ADVANCED, CREATE_USER_CODE, CREATE_TIME, MODIFY_USER_CODE, MODIFY_TIME) values ('e184ba4c-eca8-422d-a383-974957df3e53', '37a97088-45de-4172-8e68-27911357335a', '407bfe40-e781-41f8-bd22-401c9f790e9d', '1', '1', '1', '1', '1', 'admin', TIMESTAMP '2014-09-10 15:47:42', 'admin', TIMESTAMP '2014-09-10 15:48:45');
insert into T_BAS_ROLE_RESOURCE (ID, ROLE_ID, RESOURCE_ID, ROLE_QUERY, ROLE_CREATE, ROLE_DELETE, ROLE_EDIT, ROLE_ADVANCED, CREATE_USER_CODE, CREATE_TIME, MODIFY_USER_CODE, MODIFY_TIME) values ('e05f8acc-a11e-4a22-8e8e-15a12eed1362', '37a97088-45de-4172-8e68-27911357335a', 'd03871af-924c-40a7-9ea5-f260fbe9617d', '1', '1', '1', '1', '1', 'admin', TIMESTAMP '2014-09-10 15:50:39', 'admin', TIMESTAMP '2014-09-10 15:50:39');
insert into T_BAS_ROLE_RESOURCE (ID, ROLE_ID, RESOURCE_ID, ROLE_QUERY, ROLE_CREATE, ROLE_DELETE, ROLE_EDIT, ROLE_ADVANCED, CREATE_USER_CODE, CREATE_TIME, MODIFY_USER_CODE, MODIFY_TIME) values ('27df9d60-41f6-4bd2-b7c2-5ad2ca95586e', '37a97088-45de-4172-8e68-27911357335a', '6234aa0e-46e4-40e6-b176-5ab3ac408291', '1', '1', '1', '1', '1', 'admin', TIMESTAMP '2014-09-10 15:50:39', 'admin', TIMESTAMP '2014-09-10 15:50:39');
insert into T_BAS_ROLE_RESOURCE (ID, ROLE_ID, RESOURCE_ID, ROLE_QUERY, ROLE_CREATE, ROLE_DELETE, ROLE_EDIT, ROLE_ADVANCED, CREATE_USER_CODE, CREATE_TIME, MODIFY_USER_CODE, MODIFY_TIME) values ('af248cc6-cbd0-4b3b-944e-e10df50b3462', '37a97088-45de-4172-8e68-27911357335a', 'ff63582c-5e69-462c-abc9-023b8fdf8a42', '1', '1', '1', '1', '1', 'admin', TIMESTAMP '2014-09-10 15:50:39', 'admin', TIMESTAMP '2014-09-10 15:50:39');
insert into T_BAS_ROLE_RESOURCE (ID, ROLE_ID, RESOURCE_ID, ROLE_QUERY, ROLE_CREATE, ROLE_DELETE, ROLE_EDIT, ROLE_ADVANCED, CREATE_USER_CODE, CREATE_TIME, MODIFY_USER_CODE, MODIFY_TIME) values ('3289f32a-4b5f-48d4-b358-432aaa1f7db8', '37a97088-45de-4172-8e68-27911357335a', '4a1ca22b-f914-4c4c-bcfc-79860ec3b0f1', '1', '1', '1', '1', '1', 'admin', TIMESTAMP '2014-09-10 15:50:40', 'admin', TIMESTAMP '2014-09-10 15:50:40');
insert into T_BAS_ROLE_RESOURCE (ID, ROLE_ID, RESOURCE_ID, ROLE_QUERY, ROLE_CREATE, ROLE_DELETE, ROLE_EDIT, ROLE_ADVANCED, CREATE_USER_CODE, CREATE_TIME, MODIFY_USER_CODE, MODIFY_TIME) values ('32516865-ff6b-42e9-a8ba-bd817ceba9d3', '37a97088-45de-4172-8e68-27911357335a', '64084c58-25c2-4af9-acb3-bc85b469001f', '1', '1', '1', '1', '1', 'admin', TIMESTAMP '2014-09-10 15:50:40', 'admin', TIMESTAMP '2014-09-10 15:50:40');
insert into T_BAS_ROLE_RESOURCE (ID, ROLE_ID, RESOURCE_ID, ROLE_QUERY, ROLE_CREATE, ROLE_DELETE, ROLE_EDIT, ROLE_ADVANCED, CREATE_USER_CODE, CREATE_TIME, MODIFY_USER_CODE, MODIFY_TIME) values ('5049ba17-05ef-4e6d-8729-210fc1a4b07a', '37a97088-45de-4172-8e68-27911357335a', '18fad2ea-2b02-4d7d-b55a-5928c0417fd5', '1', '1', '1', '1', '1', 'admin', TIMESTAMP '2014-09-10 15:50:40', 'admin', TIMESTAMP '2014-09-10 15:50:40');
insert into T_BAS_ROLE_RESOURCE (ID, ROLE_ID, RESOURCE_ID, ROLE_QUERY, ROLE_CREATE, ROLE_DELETE, ROLE_EDIT, ROLE_ADVANCED, CREATE_USER_CODE, CREATE_TIME, MODIFY_USER_CODE, MODIFY_TIME) values ('42722add-7da8-43e9-8f47-7adc7d4e3112', '37a97088-45de-4172-8e68-27911357335a', '5ece9384-e793-4bd6-b4ab-0572514923a4', '1', '1', '1', '1', '1', 'admin', TIMESTAMP '2014-09-10 15:50:40', 'admin', TIMESTAMP '2014-09-10 15:50:40');
insert into T_BAS_ROLE_RESOURCE (ID, ROLE_ID, RESOURCE_ID, ROLE_QUERY, ROLE_CREATE, ROLE_DELETE, ROLE_EDIT, ROLE_ADVANCED, CREATE_USER_CODE, CREATE_TIME, MODIFY_USER_CODE, MODIFY_TIME) values ('49a234fd-9ed4-445c-ad34-558ca2a97e24', '37a97088-45de-4172-8e68-27911357335a', '015b1129-26a1-4461-b831-a703cc361f55', '1', '1', '1', '1', '1', 'admin', TIMESTAMP '2014-09-10 15:50:41', 'admin', TIMESTAMP '2014-09-10 15:50:41');
insert into T_BAS_ROLE_RESOURCE (ID, ROLE_ID, RESOURCE_ID, ROLE_QUERY, ROLE_CREATE, ROLE_DELETE, ROLE_EDIT, ROLE_ADVANCED, CREATE_USER_CODE, CREATE_TIME, MODIFY_USER_CODE, MODIFY_TIME) values ('c8752c49-87ac-454a-9a1e-9cea31bafb4e', '37a97088-45de-4172-8e68-27911357335a', 'a76aa352-0952-46a5-b0e4-c8b5e20e963f', '1', '1', '1', '1', '1', 'admin', TIMESTAMP '2014-09-10 15:50:41', 'admin', TIMESTAMP '2014-09-10 15:50:41');
insert into T_BAS_ROLE_RESOURCE (ID, ROLE_ID, RESOURCE_ID, ROLE_QUERY, ROLE_CREATE, ROLE_DELETE, ROLE_EDIT, ROLE_ADVANCED, CREATE_USER_CODE, CREATE_TIME, MODIFY_USER_CODE, MODIFY_TIME) values ('4c353b68-fa1e-4b73-8699-704228ab27d3', '37a97088-45de-4172-8e68-27911357335a', '7e8059da-f51a-41bc-9926-0e434e51cb79', '1', '1', '1', '1', '1', 'admin', TIMESTAMP '2014-09-10 15:50:42', 'admin', TIMESTAMP '2014-09-10 15:50:42');
insert into T_BAS_ROLE_RESOURCE (ID, ROLE_ID, RESOURCE_ID, ROLE_QUERY, ROLE_CREATE, ROLE_DELETE, ROLE_EDIT, ROLE_ADVANCED, CREATE_USER_CODE, CREATE_TIME, MODIFY_USER_CODE, MODIFY_TIME) values ('0c9aeef5-dbcd-4370-a8dd-8e4a4ca9d08f', '37a97088-45de-4172-8e68-27911357335a', '6fdf242d-0e76-4020-9ccb-3b3e62d920b4', '1', '1', '1', '1', '1', 'admin', TIMESTAMP '2014-09-10 15:50:42', 'admin', TIMESTAMP '2014-09-10 15:50:42');
insert into T_BAS_ROLE_RESOURCE (ID, ROLE_ID, RESOURCE_ID, ROLE_QUERY, ROLE_CREATE, ROLE_DELETE, ROLE_EDIT, ROLE_ADVANCED, CREATE_USER_CODE, CREATE_TIME, MODIFY_USER_CODE, MODIFY_TIME) values ('aa257317-8f30-40bb-80b9-a7c605fa4561', '37a97088-45de-4172-8e68-27911357335a', 'f55cc2fa-5e2c-4c94-b52e-3df2f0b747f1', '1', '1', '1', '1', '1', 'admin', TIMESTAMP '2014-09-10 15:50:42', 'admin', TIMESTAMP '2014-09-10 15:50:42');
insert into T_BAS_ROLE_RESOURCE (ID, ROLE_ID, RESOURCE_ID, ROLE_QUERY, ROLE_CREATE, ROLE_DELETE, ROLE_EDIT, ROLE_ADVANCED, CREATE_USER_CODE, CREATE_TIME, MODIFY_USER_CODE, MODIFY_TIME) values ('52f9d7b5-bfbb-42c6-a68c-645fa5be0e66', '37a97088-45de-4172-8e68-27911357335a', '98d9fa1a-6bf8-4819-8976-e4a4d1bf1ead', '1', '1', '1', '1', '1', 'admin', TIMESTAMP '2014-09-10 15:51:44', 'admin', TIMESTAMP '2014-09-10 15:51:44');
insert into T_BAS_ROLE_RESOURCE (ID, ROLE_ID, RESOURCE_ID, ROLE_QUERY, ROLE_CREATE, ROLE_DELETE, ROLE_EDIT, ROLE_ADVANCED, CREATE_USER_CODE, CREATE_TIME, MODIFY_USER_CODE, MODIFY_TIME) values ('0067b8d8-b56a-45f5-b477-4fbed67f5a58', '37a97088-45de-4172-8e68-27911357335a', 'ef01d15c-f79b-4da3-ab35-df917da93f29', '1', '1', '1', '1', '1', 'admin', TIMESTAMP '2014-09-10 15:51:44', 'admin', TIMESTAMP '2014-09-10 15:51:44');
insert into T_BAS_ROLE_RESOURCE (ID, ROLE_ID, RESOURCE_ID, ROLE_QUERY, ROLE_CREATE, ROLE_DELETE, ROLE_EDIT, ROLE_ADVANCED, CREATE_USER_CODE, CREATE_TIME, MODIFY_USER_CODE, MODIFY_TIME) values ('97d4c925-86f0-4f52-9023-ae112c47a6ef', '37a97088-45de-4172-8e68-27911357335a', '84af01b7-372d-4ab4-a737-7b1c3055119d', '1', '1', '1', '1', '1', 'admin', TIMESTAMP '2014-09-10 15:51:45', 'admin', TIMESTAMP '2014-09-10 15:51:45');
insert into T_BAS_ROLE_RESOURCE (ID, ROLE_ID, RESOURCE_ID, ROLE_QUERY, ROLE_CREATE, ROLE_DELETE, ROLE_EDIT, ROLE_ADVANCED, CREATE_USER_CODE, CREATE_TIME, MODIFY_USER_CODE, MODIFY_TIME) values ('ca042f0b-6f37-446e-bd09-b08481d182d1', '37a97088-45de-4172-8e68-27911357335a', 'f59aa680-5820-418d-9b57-e3c57cabec4c', '1', '1', '1', '1', '1', 'admin', TIMESTAMP '2014-09-10 15:51:45', 'admin', TIMESTAMP '2014-09-10 15:51:45');
insert into T_BAS_ROLE_RESOURCE (ID, ROLE_ID, RESOURCE_ID, ROLE_QUERY, ROLE_CREATE, ROLE_DELETE, ROLE_EDIT, ROLE_ADVANCED, CREATE_USER_CODE, CREATE_TIME, MODIFY_USER_CODE, MODIFY_TIME) values ('c945ef32-9896-4f0b-bdf8-830c2f77637d', '37a97088-45de-4172-8e68-27911357335a', 'b5d103d7-f77d-4c72-98a7-6f0b5bde3385', '1', '1', '1', '1', '1', 'admin', TIMESTAMP '2014-09-10 15:51:45', 'admin', TIMESTAMP '2014-09-10 15:51:45');
insert into T_BAS_ROLE_RESOURCE (ID, ROLE_ID, RESOURCE_ID, ROLE_QUERY, ROLE_CREATE, ROLE_DELETE, ROLE_EDIT, ROLE_ADVANCED, CREATE_USER_CODE, CREATE_TIME, MODIFY_USER_CODE, MODIFY_TIME) values ('77106442-f36c-4ae7-b558-268740316828', '37a97088-45de-4172-8e68-27911357335a', '8f62de26-9abb-45f0-a536-19dbedd9748d', '1', '1', '1', '1', '1', 'admin', TIMESTAMP '2014-09-10 15:52:01', 'admin', TIMESTAMP '2014-09-10 15:52:01');
insert into T_BAS_ROLE_RESOURCE (ID, ROLE_ID, RESOURCE_ID, ROLE_QUERY, ROLE_CREATE, ROLE_DELETE, ROLE_EDIT, ROLE_ADVANCED, CREATE_USER_CODE, CREATE_TIME, MODIFY_USER_CODE, MODIFY_TIME) values ('8e8ad9a0-d678-4ba1-bfae-d49003847f27', '37a97088-45de-4172-8e68-27911357335a', '146e21cd-1854-4bda-b610-43b3b798ce0d', '1', '1', '1', '1', '1', 'admin', TIMESTAMP '2014-09-10 15:52:01', 'admin', TIMESTAMP '2014-09-10 15:52:01');
insert into T_BAS_ROLE_RESOURCE (ID, ROLE_ID, RESOURCE_ID, ROLE_QUERY, ROLE_CREATE, ROLE_DELETE, ROLE_EDIT, ROLE_ADVANCED, CREATE_USER_CODE, CREATE_TIME, MODIFY_USER_CODE, MODIFY_TIME) values ('4d0317d7-d558-44b2-8bf8-ee66e33770dc', '37a97088-45de-4172-8e68-27911357335a', '909dbfed-25c1-4dcd-a2ed-381ae54ae3bd', '1', '1', '1', '1', '1', 'admin', TIMESTAMP '2014-09-10 15:52:01', 'admin', TIMESTAMP '2014-09-10 15:52:01');
insert into T_BAS_ROLE_RESOURCE (ID, ROLE_ID, RESOURCE_ID, ROLE_QUERY, ROLE_CREATE, ROLE_DELETE, ROLE_EDIT, ROLE_ADVANCED, CREATE_USER_CODE, CREATE_TIME, MODIFY_USER_CODE, MODIFY_TIME) values ('72811e8d-a1c0-4d58-bebb-76432a76b34d', '37a97088-45de-4172-8e68-27911357335a', 'ec53ff2a-c7f5-4777-9404-a34e115bcbfb', '1', '1', '1', '1', '1', 'admin', TIMESTAMP '2014-09-10 15:52:19', 'admin', TIMESTAMP '2014-09-10 15:52:19');
insert into T_BAS_ROLE_RESOURCE (ID, ROLE_ID, RESOURCE_ID, ROLE_QUERY, ROLE_CREATE, ROLE_DELETE, ROLE_EDIT, ROLE_ADVANCED, CREATE_USER_CODE, CREATE_TIME, MODIFY_USER_CODE, MODIFY_TIME) values ('9121625b-3e48-4107-a7a5-7a34990dbe91', '37a97088-45de-4172-8e68-27911357335a', 'cc214e66-3dbf-4803-b47b-307926ea158a', '1', '1', '1', '1', '1', 'admin', TIMESTAMP '2014-09-10 15:52:19', 'admin', TIMESTAMP '2014-09-10 15:52:19');
insert into T_BAS_ROLE_RESOURCE (ID, ROLE_ID, RESOURCE_ID, ROLE_QUERY, ROLE_CREATE, ROLE_DELETE, ROLE_EDIT, ROLE_ADVANCED, CREATE_USER_CODE, CREATE_TIME, MODIFY_USER_CODE, MODIFY_TIME) values ('6c564d2a-674c-4b5b-b14a-4b138cf928ce', '37a97088-45de-4172-8e68-27911357335a', '26f61141-2484-4f39-a00f-4ac4a5f866ed', '1', '1', '1', '1', '1', 'admin', TIMESTAMP '2014-09-10 15:52:19', 'admin', TIMESTAMP '2014-09-10 15:52:19');
insert into T_BAS_ROLE_RESOURCE (ID, ROLE_ID, RESOURCE_ID, ROLE_QUERY, ROLE_CREATE, ROLE_DELETE, ROLE_EDIT, ROLE_ADVANCED, CREATE_USER_CODE, CREATE_TIME, MODIFY_USER_CODE, MODIFY_TIME) values ('62f8da4b-2f73-41f0-8473-5039f93e48a9', '37a97088-45de-4172-8e68-27911357335a', '5e0ca9ec-2f82-4de5-96c1-6d3eb6b0ebbe', '1', '1', '1', '1', '1', 'admin', TIMESTAMP '2014-09-10 15:52:20', 'admin', TIMESTAMP '2014-09-10 15:52:20');
insert into T_BAS_ROLE_RESOURCE (ID, ROLE_ID, RESOURCE_ID, ROLE_QUERY, ROLE_CREATE, ROLE_DELETE, ROLE_EDIT, ROLE_ADVANCED, CREATE_USER_CODE, CREATE_TIME, MODIFY_USER_CODE, MODIFY_TIME) values ('d28997dc-d6e2-409a-84b7-adcd7621be8d', '37a97088-45de-4172-8e68-27911357335a', 'b94fce1c-8f82-43cd-8ee8-24ba22e28201', '1', '1', '1', '1', '1', 'admin', TIMESTAMP '2014-09-10 15:47:36', 'admin', TIMESTAMP '2014-09-10 15:52:20');
insert into T_BAS_ROLE_RESOURCE (ID, ROLE_ID, RESOURCE_ID, ROLE_QUERY, ROLE_CREATE, ROLE_DELETE, ROLE_EDIT, ROLE_ADVANCED, CREATE_USER_CODE, CREATE_TIME, MODIFY_USER_CODE, MODIFY_TIME) values ('f6c5a107-6555-48c6-9a76-bef8167bf1d1', '37a97088-45de-4172-8e68-27911357335a', '4359a28a-bab5-4a08-9842-8e2c76d4d7ef', '1', '1', '1', '1', '1', 'admin', TIMESTAMP '2014-09-10 15:52:54', 'admin', TIMESTAMP '2014-09-10 15:52:54');
insert into T_BAS_ROLE_RESOURCE (ID, ROLE_ID, RESOURCE_ID, ROLE_QUERY, ROLE_CREATE, ROLE_DELETE, ROLE_EDIT, ROLE_ADVANCED, CREATE_USER_CODE, CREATE_TIME, MODIFY_USER_CODE, MODIFY_TIME) values ('1a2fef39-3ec1-45bb-a93c-a24ce7f51291', '37a97088-45de-4172-8e68-27911357335a', 'a1f70e53-6ea3-4781-b911-fcbe3b995635', '1', '1', '1', '1', '1', 'admin', TIMESTAMP '2014-09-10 15:52:54', 'admin', TIMESTAMP '2014-09-10 15:52:54');
insert into T_BAS_ROLE_RESOURCE (ID, ROLE_ID, RESOURCE_ID, ROLE_QUERY, ROLE_CREATE, ROLE_DELETE, ROLE_EDIT, ROLE_ADVANCED, CREATE_USER_CODE, CREATE_TIME, MODIFY_USER_CODE, MODIFY_TIME) values ('4e86293b-7c98-4d33-8038-3a26714e61a4', '37a97088-45de-4172-8e68-27911357335a', '4aad295e-233d-49b6-b639-ec62abdf31e2', '1', '1', '1', '1', '1', 'admin', TIMESTAMP '2014-09-10 15:52:55', 'admin', TIMESTAMP '2014-09-10 15:52:55');
insert into T_BAS_ROLE_RESOURCE (ID, ROLE_ID, RESOURCE_ID, ROLE_QUERY, ROLE_CREATE, ROLE_DELETE, ROLE_EDIT, ROLE_ADVANCED, CREATE_USER_CODE, CREATE_TIME, MODIFY_USER_CODE, MODIFY_TIME) values ('d40a9863-bfc9-45ac-a10b-7b3857572cdc', '37a97088-45de-4172-8e68-27911357335a', '7daf6e27-07df-48b1-ab89-7ef44f95d312', '1', '1', '1', '1', '1', 'admin', TIMESTAMP '2014-09-10 15:52:55', 'admin', TIMESTAMP '2014-09-10 15:52:55');
insert into T_BAS_ROLE_RESOURCE (ID, ROLE_ID, RESOURCE_ID, ROLE_QUERY, ROLE_CREATE, ROLE_DELETE, ROLE_EDIT, ROLE_ADVANCED, CREATE_USER_CODE, CREATE_TIME, MODIFY_USER_CODE, MODIFY_TIME) values ('99fa841a-a13c-4866-ae3d-09878c61d5f9', '37a97088-45de-4172-8e68-27911357335a', 'a9795f89-a6b4-4684-85c8-057a11cc11d8', '1', '1', '1', '1', '1', 'admin', TIMESTAMP '2014-09-10 15:52:53', 'admin', TIMESTAMP '2014-09-10 15:52:53');
insert into T_BAS_ROLE_RESOURCE (ID, ROLE_ID, RESOURCE_ID, ROLE_QUERY, ROLE_CREATE, ROLE_DELETE, ROLE_EDIT, ROLE_ADVANCED, CREATE_USER_CODE, CREATE_TIME, MODIFY_USER_CODE, MODIFY_TIME) values ('4f78958f-7827-42c0-b180-f7ee643a1729', '37a97088-45de-4172-8e68-27911357335a', 'd3f1f949-978a-4544-be08-b468bbb261f3', '1', '1', '1', '1', '1', 'admin', TIMESTAMP '2014-09-10 15:52:53', 'admin', TIMESTAMP '2014-09-10 15:52:53');
insert into T_BAS_ROLE_RESOURCE (ID, ROLE_ID, RESOURCE_ID, ROLE_QUERY, ROLE_CREATE, ROLE_DELETE, ROLE_EDIT, ROLE_ADVANCED, CREATE_USER_CODE, CREATE_TIME, MODIFY_USER_CODE, MODIFY_TIME) values ('07af29e2-8f76-4d13-a729-364a9543d0fc', '37a97088-45de-4172-8e68-27911357335a', 'afb748eb-f1c4-4cc7-8896-10b26245f1fd', '1', '0', '0', '0', '0', 'admin', TIMESTAMP '2014-09-18 09:23:06', 'admin', TIMESTAMP '2014-09-19 14:42:58');
insert into T_BAS_ROLE_RESOURCE (ID, ROLE_ID, RESOURCE_ID, ROLE_QUERY, ROLE_CREATE, ROLE_DELETE, ROLE_EDIT, ROLE_ADVANCED, CREATE_USER_CODE, CREATE_TIME, MODIFY_USER_CODE, MODIFY_TIME) values ('14e47be7-6b75-4b07-bab6-07603f250eae', '37a97088-45de-4172-8e68-27911357335a', '6e379b06-f5d0-4992-9ecf-16461aa330b0', '1', '0', '0', '0', '0', 'admin', TIMESTAMP '2014-09-19 11:45:47', 'admin', TIMESTAMP '2014-09-19 11:45:47');
insert into T_BAS_ROLE_RESOURCE (ID, ROLE_ID, RESOURCE_ID, ROLE_QUERY, ROLE_CREATE, ROLE_DELETE, ROLE_EDIT, ROLE_ADVANCED, CREATE_USER_CODE, CREATE_TIME, MODIFY_USER_CODE, MODIFY_TIME) values ('a8d235a6-5f33-4fd6-b08f-32b6cd68c754', '37a97088-45de-4172-8e68-27911357335a', '2d833830-a1e9-48aa-ba90-ffdbb68892ff', '1', '1', '1', '1', '1', 'admin', '17-12月-14 10.07.39.704000 上午', 'admin', '17-12月-14 10.07.39.704000 上午');
--终端数据
insert into t_bas_mes_client values ('9703764a-3dd4-42ae-a40e-82e4add20870', '192.168.9.50', '00-19-99-D7-6D-A8', '护套B097', 'admin', '08-12月-14 02.50.16.759000 下午', 'admin', '10-12月-14 10.37.20.495000 上午', '1');
insert into t_bas_mes_client values ('8ee0246f-f035-4efc-9e77-def4fdede406', '192.168.7.68', '00-0B-AB-70-5A-20', '成缆B048', 'admin', '08-12月-14 02.51.02.932000 下午', 'admin', '10-12月-14 10.37.16.886000 上午', '1');
insert into t_bas_mes_client values ('158b03f4-66c6-4a74-9436-aa9ddcc6b9c1', '192.168.8.20', '00-0B-AB-6C-A3-9E', '铠装B058', 'admin', '08-12月-14 02.52.09.280000 下午', 'admin', '10-12月-14 10.37.08.292000 上午', '1');
insert into t_bas_mes_client values ('ce7bde61-a32a-4f56-b323-0b95d4ab91ee', '192.168.8.23', '00-0B-AB-6F-D0-91', '铠装B059', 'admin', '08-12月-14 02.53.34.266000 下午', 'admin', '10-12月-14 10.37.11.885000 上午', '1');
insert into t_bas_mes_client values ('54a962c0-a07b-473a-a95e-51aae671597c', '192.168.5.50', '00-19-99-EF-82-62', '绝缘B021', 'admin', '08-12月-14 02.47.51.251000 下午', 'admin', '10-12月-14 10.37.25.027000 上午', '1');
insert into t_bas_mes_client values ('61da3e22-c824-4d0c-b31f-eb2a01f444db', '192.168.5.59', '00-19-99-FF-2F-15', '绝缘B024', 'admin', '08-12月-14 02.49.25.739000 下午', 'admin', '10-12月-14 10.37.28.699000 上午', '1');

 
insert into T_EVE_EVENT_TYPE (ID, CODE, NAME, CREATE_USER_CODE, CREATE_TIME, MODIFY_USER_CODE, MODIFY_TIME) values ('914e3d9a-022e-41a7-a1bf-3aae0a029a4e', 'EQIP', '设备异常', 'admin', TIMESTAMP '2014-07-28 17:03:56', 'admin', TIMESTAMP '2014-07-28 17:03:56');
insert into T_EVE_EVENT_TYPE (ID, CODE, NAME, CREATE_USER_CODE, CREATE_TIME, MODIFY_USER_CODE, MODIFY_TIME) values ('5', 'MAINTAIN_DAILY', '点检未做', 'admin', TIMESTAMP '2014-07-18 12:55:07', 'admin', TIMESTAMP '2014-07-18 12:55:07');
insert into T_EVE_EVENT_TYPE (ID, CODE, NAME, CREATE_USER_CODE, CREATE_TIME, MODIFY_USER_CODE, MODIFY_TIME) values ('4', 'MAINTAIN', '设备维护', 'admin', TIMESTAMP '2014-07-18 12:55:07', 'admin', TIMESTAMP '2014-07-18 12:55:07');
insert into T_EVE_EVENT_TYPE (ID, CODE, NAME, CREATE_USER_CODE, CREATE_TIME, MODIFY_USER_CODE, MODIFY_TIME) values ('3', 'OT', 'OA超交期', 'admin', TIMESTAMP '2014-07-18 12:55:07', 'admin', TIMESTAMP '2014-07-18 12:55:07');
insert into T_EVE_EVENT_TYPE (ID, CODE, NAME, CREATE_USER_CODE, CREATE_TIME, MODIFY_USER_CODE, MODIFY_TIME) values ('2', 'QA', '质量警报', 'admin', TIMESTAMP '2014-07-18 12:55:07', 'admin', TIMESTAMP '2014-07-18 12:55:07');
insert into T_EVE_EVENT_TYPE (ID, CODE, NAME, CREATE_USER_CODE, CREATE_TIME, MODIFY_USER_CODE, MODIFY_TIME) values ('1', 'QC', 'QC警报', 'admin', TIMESTAMP '2014-07-18 12:55:07', 'admin', TIMESTAMP '2014-07-18 12:55:07');






--job
DELETE FROM QRTZ_JOB_LISTENERS;
DELETE FROM QRTZ_TRIGGER_LISTENERS;
DELETE FROM QRTZ_FIRED_TRIGGERS;
DELETE FROM QRTZ_SIMPLE_TRIGGERS;
DELETE FROM QRTZ_CRON_TRIGGERS;
DELETE FROM QRTZ_BLOB_TRIGGERS;
DELETE FROM QRTZ_TRIGGERS;
DELETE FROM QRTZ_JOB_DETAILS;
DELETE FROM QRTZ_CALENDARS;
DELETE FROM QRTZ_PAUSED_TRIGGER_GRPS;
DELETE FROM QRTZ_LOCKS;
DELETE FROM QRTZ_SCHEDULER_STATE;

INSERT INTO QRTZ_LOCKS VALUES('TRIGGER_ACCESS');
INSERT INTO QRTZ_LOCKS VALUES('JOB_ACCESS');
INSERT INTO QRTZ_LOCKS VALUES('CALENDAR_ACCESS');
INSERT INTO QRTZ_LOCKS VALUES('STATE_ACCESS');
INSERT INTO QRTZ_LOCKS VALUES('MISFIRE_ACCESS');

DROP INDEX IDX_QRTZ_J_REQ_RECOVERY;
DROP INDEX IDX_QRTZ_T_NEXT_FIRE_TIME;
DROP INDEX IDX_QRTZ_T_STATE;
DROP INDEX IDX_QRTZ_T_NFT_ST;
DROP INDEX IDX_QRTZ_T_VOLATILE;
DROP INDEX IDX_QRTZ_FT_TRIG_GROUP;
DROP INDEX IDX_QRTZ_FT_TRIG_NM_GP;
DROP INDEX IDX_QRTZ_FT_TRIG_VOLATILE;
DROP INDEX IDX_QRTZ_FT_TRIG_INST_NAME;
DROP INDEX IDX_QRTZ_FT_JOB_NAME;
DROP INDEX IDX_QRTZ_FT_JOB_GROUP;
DROP INDEX IDX_QRTZ_FT_JOB_STATEFUL;
DROP INDEX IDX_QRTZ_FT_TRIG_NAME;

CREATE INDEX IDX_QRTZ_J_REQ_RECOVERY ON QRTZ_JOB_DETAILS(REQUESTS_RECOVERY);
CREATE INDEX IDX_QRTZ_T_NEXT_FIRE_TIME ON QRTZ_TRIGGERS(NEXT_FIRE_TIME);
CREATE INDEX IDX_QRTZ_T_STATE ON QRTZ_TRIGGERS(TRIGGER_STATE);
CREATE INDEX IDX_QRTZ_T_NFT_ST ON QRTZ_TRIGGERS(NEXT_FIRE_TIME,TRIGGER_STATE);
CREATE INDEX IDX_QRTZ_T_VOLATILE ON QRTZ_TRIGGERS(IS_VOLATILE);
CREATE INDEX IDX_QRTZ_FT_TRIG_NAME ON QRTZ_FIRED_TRIGGERS(TRIGGER_NAME);
CREATE INDEX IDX_QRTZ_FT_TRIG_GROUP ON QRTZ_FIRED_TRIGGERS(TRIGGER_GROUP);
CREATE INDEX IDX_QRTZ_FT_TRIG_NM_GP ON QRTZ_FIRED_TRIGGERS(TRIGGER_NAME,TRIGGER_GROUP);
CREATE INDEX IDX_QRTZ_FT_TRIG_VOLATILE ON QRTZ_FIRED_TRIGGERS(IS_VOLATILE);
CREATE INDEX IDX_QRTZ_FT_TRIG_INST_NAME ON QRTZ_FIRED_TRIGGERS(INSTANCE_NAME);
CREATE INDEX IDX_QRTZ_FT_JOB_NAME ON QRTZ_FIRED_TRIGGERS(JOB_NAME);
CREATE INDEX IDX_QRTZ_FT_JOB_GROUP ON QRTZ_FIRED_TRIGGERS(JOB_GROUP);
CREATE INDEX IDX_QRTZ_FT_JOB_STATEFUL ON QRTZ_FIRED_TRIGGERS(IS_STATEFUL);

insert into T_JOB_CONFIG (ID, SCHEDULER_ID, SCHEDULER_WAR, NAME, DESCRIPTION, TYPE, ENABLE, CRON_EXPRESS, SIMPLE_START_TIME, SIMPLE_END_TIME, SIMPLE_REPEAT_COUNT, SIMPLE_REPEAT_INTERVEL, PARAM1, PARAM2, CREATE_USER_CODE, CREATE_TIME, MODIFY_USER_CODE, MODIFY_TIME, STATUS, ORG_CODE) values ('PlanScheduleJob', 'PlanScheduleJob', 'mesjob.war', 'PlanScheduleJob', '排程后台任务', '1', '1', '0 0 1 *  * ?', null, null, null, null, '1', '1000', 'admin', TIMESTAMP '2014-01-01 00:00:00', 'admin', TIMESTAMP '2014-01-01 00:00:00', '1', '1');
insert into T_JOB_CONFIG (ID, SCHEDULER_ID, SCHEDULER_WAR, NAME, DESCRIPTION, TYPE, ENABLE, CRON_EXPRESS, SIMPLE_START_TIME, SIMPLE_END_TIME, SIMPLE_REPEAT_COUNT, SIMPLE_REPEAT_INTERVEL, PARAM1, PARAM2, CREATE_USER_CODE, CREATE_TIME, MODIFY_USER_CODE, MODIFY_TIME, STATUS, ORG_CODE) values ('EventProcessJob', 'EventProcessJob', 'mesjob.war', 'EventProcessJob', '事件处理后台任务', '1', '1', '0/30 * * * * ?', null, null, null, null, '1', '10', 'admin', TIMESTAMP '2014-01-01 00:00:00', 'admin', TIMESTAMP '2014-01-01 00:00:00', '1', '1');
insert into T_JOB_CONFIG (ID, SCHEDULER_ID, SCHEDULER_WAR, NAME, DESCRIPTION, TYPE, ENABLE, CRON_EXPRESS, SIMPLE_START_TIME, SIMPLE_END_TIME, SIMPLE_REPEAT_COUNT, SIMPLE_REPEAT_INTERVEL, PARAM1, PARAM2, CREATE_USER_CODE, CREATE_TIME, MODIFY_USER_CODE, MODIFY_TIME, STATUS, ORG_CODE) values ('AlarmProcessJob', 'AlarmProcessJob', 'mesjob.war', 'AlarmProcessJob', '报警处理后台任务', '1', '1', '0/30 * * * * ?', null, null, null, null, '1', '10', 'admin', TIMESTAMP '2014-01-01 00:00:00', 'admin', TIMESTAMP '2014-01-01 00:00:00', '1', '1');
insert into T_JOB_CONFIG (ID, SCHEDULER_ID, SCHEDULER_WAR, NAME, DESCRIPTION, TYPE, ENABLE, CRON_EXPRESS, SIMPLE_START_TIME, SIMPLE_END_TIME, SIMPLE_REPEAT_COUNT, SIMPLE_REPEAT_INTERVEL, PARAM1, PARAM2, CREATE_USER_CODE, CREATE_TIME, MODIFY_USER_CODE, MODIFY_TIME, STATUS, ORG_CODE) values ('oaScheduleJob', 'oaScheduleJob', 'mesjob.war', 'oaScheduleJob', 'OA前台计算任务', '2', '0', null, TIMESTAMP '2014-06-01 00:00:00', null, 0, null, '1', '1000', 'admin', TIMESTAMP '2014-01-01 00:00:00', 'admin', TIMESTAMP '2014-09-17 15:02:19', '1', '1');
insert into T_JOB_CONFIG (ID, SCHEDULER_ID, SCHEDULER_WAR, NAME, DESCRIPTION, TYPE, ENABLE, CRON_EXPRESS, SIMPLE_START_TIME, SIMPLE_END_TIME, SIMPLE_REPEAT_COUNT, SIMPLE_REPEAT_INTERVEL, PARAM1, PARAM2, CREATE_USER_CODE, CREATE_TIME, MODIFY_USER_CODE, MODIFY_TIME, STATUS, ORG_CODE) values ('sopScheduleJob', 'sopScheduleJob', 'mesjob.war', 'sopScheduleJob', 'SOP前台计算任务', '2', '0', null, TIMESTAMP '2014-06-01 00:00:00', null, 0, null, '1', '1000', 'admin', TIMESTAMP '2014-01-01 00:00:00', 'admin', TIMESTAMP '2014-01-01 00:00:00', '1', '1');
insert into T_JOB_CONFIG (ID, SCHEDULER_ID, SCHEDULER_WAR, NAME, DESCRIPTION, TYPE, ENABLE, CRON_EXPRESS, SIMPLE_START_TIME, SIMPLE_END_TIME, SIMPLE_REPEAT_COUNT, SIMPLE_REPEAT_INTERVEL, PARAM1, PARAM2, CREATE_USER_CODE, CREATE_TIME, MODIFY_USER_CODE, MODIFY_TIME, STATUS, ORG_CODE) values ('shortScheduleJob', 'shortScheduleJob', 'mesjob.war', 'shortScheduleJob', '生产单前台计算任务', '2', '0', null, TIMESTAMP '2014-06-01 00:00:00', null, 0, null, '1', '1000', 'admin', TIMESTAMP '2014-01-01 00:00:00', 'admin', TIMESTAMP '2014-09-18 17:07:03', '1', '1');
insert into T_JOB_CONFIG (ID, SCHEDULER_ID, SCHEDULER_WAR, NAME, DESCRIPTION, TYPE, ENABLE, CRON_EXPRESS, SIMPLE_START_TIME, SIMPLE_END_TIME, SIMPLE_REPEAT_COUNT, SIMPLE_REPEAT_INTERVEL, PARAM1, PARAM2, CREATE_USER_CODE, CREATE_TIME, MODIFY_USER_CODE, MODIFY_TIME, STATUS, ORG_CODE) values ('maintainScheduleJob', 'MaintainScheduleJob', 'mesjob.war', 'MaintainScheduleJob', '维护触发任务', '1', '1', '0 0 3 *  * ?', null, null, null, null, '1', '1000', 'admin', TIMESTAMP '2014-01-01 00:00:00', 'admin', TIMESTAMP '2014-01-01 00:00:00', '1', '1');

-- 临时添加管理员设备
insert into T_BAS_ROLE_EQIP (select sys_guid(), '37a97088-45de-4172-8e68-27911357335a', t.id, 'admin', sysdate, 'admin', sysdate  from  T_FAC_EQIP_INFO t where t.type='PRODUCT_LINE' and t.code like 'B%');
